km,elev_m,lahar_lahars,lahar_near_volcano_hazards
0.05,3,1,0
0.15,3,1,0
0.25,-3,1,0
0.35,7,1,0
0.45,4,1,0
0.55,3,1,0
0.65,4,1,0
0.75,4,1,0
0.85,4,1,0
0.95,4,1,0
1.05,2,1,0
1.15,4,1,0
1.25,4,1,0
1.35,8,1,0
1.45,4,1,0
1.55,4,1,0
1.65,4,1,0
1.75,4,1,0
1.85,5,1,0
1.95,6,1,0
2.05,4,1,0
2.15,4,1,0
2.25,8,1,0
2.35,10,1,0
2.45,5,1,0
2.55,2,1,0
2.65,6,1,0
2.75,5,1,0
2.85,3,1,0
2.95,7,1,0
3.05,3,1,0
3.15,5,1,0
3.25,4,1,0
3.35,3,1,0
3.45,6,1,0
3.55,7,1,0
3.65,6,1,0
3.75,5,1,0
3.85,6,1,0
3.95,7,1,0
4.05,6,1,0
4.15,6,1,0
4.25,6,1,0
4.35,6,1,0
4.45,6,1,0
4.55,9,1,0
4.65,5,1,0
4.75,7,1,0
4.85,5,1,0
4.95,6,1,0
5.05,9,1,0
5.15,6,1,0
5.25,4,1,0
5.35,7,1,0
5.45,7,1,0
5.55,5,1,0
5.65,6,1,0
5.75,7,1,0
5.85,7,1,0
5.95,7,1,0
6.05,7,1,0
6.15,7,1,0
6.25,8,1,0
6.35,4,1,0
6.45,4,1,0
6.55,5,1,0
6.65,5,1,0
6.75,5,1,0
6.85,10,1,0
6.95,8,1,0
7.05,8,1,0
7.15,8,1,0
7.25,8,1,0
7.35,8,1,0
7.45,9,1,0
7.55,8,1,0
7.65,8,1,0
7.75,6,1,0
7.85,7,1,0
7.95,6,1,0
8.05,7,1,0
8.15,8,1,0
8.25,8,1,0
8.35,8,1,0
8.45,8,1,0
8.55,10,1,0
8.65,5,1,0
8.75,6,1,0
8.85,4,1,0
8.95,3,1,0
9.05,5,1,0
9.15,9,1,0
9.25,10,1,0
9.35,7,1,0
9.45,7,1,0
9.55,8,1,0
9.65,7,1,0
9.75,9,1,0
9.85,10,1,0
9.95,11,1,0
10.05,9,1,0
10.15,9,1,0
10.25,10,1,0
10.35,9,1,0
10.45,11,1,0
10.55,11,1,0
10.65,10,1,0
10.75,12,1,0
10.85,11,1,0
10.95,12,1,0
11.05,12,1,0
11.15,12,1,0
11.25,13,1,0
11.35,13,1,0
11.45,12,1,0
11.55,13,1,0
11.65,13,1,0
11.75,13,1,0
11.85,13,1,0
11.95,12,1,0
12.05,13,1,0
12.15,13,1,0
12.25,12,1,0
12.35,12,1,0
12.45,14,1,0
12.55,12,1,0
12.65,12,1,0
12.75,12,1,0
12.85,14,1,0
12.95,17,1,0
13.05,13,1,0
13.15,13,1,0
13.25,13,1,0
13.35,16,1,0
13.45,21,1,0
13.55,37,1,0
13.65,45,1,0
13.75,50,0,0
13.85,56,0,0
13.95,57,0,0
14.05,65,0,0
14.15,76,0,0
14.25,94,0,0
14.35,93,0,0
14.45,88,0,0
14.55,112,0,0
14.65,124,0,0
14.75,137,0,0
14.85,140,0,0
14.95,138,0,0
15.05,151,0,0
15.15,134,0,0
15.25,132,0,0
15.35,129,0,0
15.45,128,0,0
15.55,127,0,0
15.65,127,0,0
15.75,129,0,0
15.85,130,0,0
15.95,131,0,0
16.05,134,0,0
16.15,133,0,0
16.25,133,0,0
16.35,136,0,0
16.45,143,0,0
16.55,145,0,0
16.65,150,0,0
16.75,148,0,0
16.85,163,0,0
16.95,151,0,0
17.05,145,0,0
17.15,146,0,0
17.25,155,0,0
17.35,159,0,0
17.45,160,0,0
17.55,155,0,0
17.65,162,0,0
17.75,160,0,0
17.85,157,0,0
17.95,156,0,0
18.05,156,0,0
18.15,154,0,0
18.25,140,0,0
18.35,129,0,0
18.45,93,0,0
18.55,82,1,0
18.65,50,1,0
18.75,36,1,0
18.85,36,1,0
18.95,37,1,0
19.05,36,1,0
19.15,36,1,0
19.25,35,1,0
19.35,36,1,0
19.45,36,1,0
19.55,35,1,0
19.65,36,1,0
19.75,39,1,0
19.85,38,1,0
19.95,33,1,0
20.05,37,1,0
20.15,33,1,0
20.25,38,1,0
20.35,35,1,0
20.45,36,1,0
20.55,33,1,0
20.65,35,0,0
20.75,44,0,0
20.85,69,0,0
20.95,101,0,0
21.05,117,0,0
21.15,130,0,0
21.25,134,0,0
21.35,155,0,0
21.45,169,0,0
21.55,175,0,0
21.65,179,0,0
21.75,175,0,0
21.85,177,0,0
21.95,177,0,0
22.05,171,0,0
22.15,172,0,0
22.25,159,0,0
22.35,167,0,0
22.45,186,0,0
22.55,191,0,0
22.65,194,0,0
22.75,193,0,0
22.85,199,0,0
22.95,200,0,0
23.05,204,0,0
23.15,211,0,0
23.25,213,0,0
23.35,215,0,0
23.45,223,0,0
23.55,225,0,0
23.65,221,0,0
23.75,216,0,0
23.85,218,0,0
23.95,230,0,0
24.05,232,0,0
24.15,232,0,0
24.25,235,0,0
24.35,238,0,0
24.45,236,0,0
24.55,242,0,0
24.65,240,0,0
24.75,243,0,0
24.85,252,0,0
24.95,247,0,0
25.05,243,0,0
25.15,231,0,0
25.25,223,0,0
25.35,219,0,0
25.45,225,0,0
25.55,216,0,0
25.65,215,0,0
25.75,208,0,0
25.85,207,0,0
25.95,208,0,0
26.05,207,0,0
26.15,209,0,0
26.25,208,0,0
26.35,209,0,0
26.45,207,0,0
26.55,197,0,0
26.65,198,0,0
26.75,118,0,0
26.85,77,1,0
26.95,86,1,0
27.05,83,1,0
27.15,83,1,0
27.25,80,1,0
27.35,81,1,0
27.45,85,1,0
27.55,109,1,0
27.65,106,1,0
27.75,104,0,0
27.85,121,0,0
27.95,134,0,0
28.05,148,0,0
28.15,149,0,0
28.25,157,0,0
28.35,162,0,0
28.45,168,0,0
28.55,161,0,0
28.65,157,0,0
28.75,178,0,0
28.85,167,0,0
28.95,169,0,0
29.05,185,0,0
29.15,169,0,0
29.25,155,0,0
29.35,177,0,0
29.45,218,0,0
29.55,230,0,0
29.65,238,0,0
29.75,246,0,0
29.85,241,0,0
29.95,238,0,0
30.05,232,0,0
30.15,220,0,0
30.25,226,0,0
30.35,211,0,0
30.45,211,0,0
30.55,224,0,0
30.65,237,0,0
30.75,233,0,0
30.85,239,0,0
30.95,250,0,0
31.05,270,0,0
31.15,284,0,0
31.25,301,0,0
31.35,328,0,0
31.45,333,0,0
31.55,357,0,0
31.65,344,0,0
31.75,337,0,0
31.85,323,0,0
31.95,324,0,0
32.05,319,0,0
32.15,322,0,0
32.25,331,0,0
32.35,338,0,0
32.45,343,0,0
32.55,368,0,0
32.65,373,0,0
32.75,375,0,0
32.85,367,0,0
32.95,366,0,0
33.05,366,0,0
33.15,368,0,0
33.25,371,0,0
33.35,375,0,0
33.45,385,0,0
33.55,392,0,0
33.65,397,0,0
33.75,388,0,0
33.85,365,0,0
33.95,375,0,0
34.05,378,0,0
34.15,382,0,0
34.25,391,0,0
34.35,392,0,0
34.45,403,0,0
34.55,406,0,0
34.65,402,0,0
34.75,405,0,0
34.85,405,0,0
34.95,409,0,0
35.05,410,0,0
35.15,421,0,0
35.25,424,0,0
35.35,430,0,0
35.45,440,0,0
35.55,439,0,0
35.65,449,0,0
35.75,463,0,0
35.85,471,0,0
35.95,485,0,0
36.05,503,0,0
36.15,496,0,0
36.25,508,0,0
36.35,512,0,0
36.45,501,0,0
36.55,500,0,0
36.65,490,0,0
36.75,483,0,0
36.85,485,0,0
36.95,485,0,0
37.05,471,0,0
37.15,470,0,0
37.25,462,0,0
37.35,469,0,0
37.45,469,0,0
37.55,482,0,0
37.65,474,0,0
37.75,474,0,0
37.85,488,0,0
37.95,501,0,0
38.05,511,0,0
38.15,535,0,0
38.25,550,0,0
38.35,579,0,0
38.45,591,0,0
38.55,618,0,0
38.65,626,0,0
38.75,644,0,0
38.85,639,0,0
38.95,642,0,0
39.05,643,0,0
39.15,640,0,0
39.25,639,0,0
39.35,637,0,0
39.45,637,0,0
39.55,639,0,0
39.65,643,0,0
39.75,644,0,0
39.85,650,0,0
39.95,656,0,0
40.05,663,0,0
40.15,664,0,0
40.25,672,0,0
40.35,678,0,0
40.45,688,0,0
40.55,694,0,0
40.65,699,0,0
40.75,703,0,0
40.85,714,0,0
40.95,716,0,0
41.05,727,0,0
41.15,729,0,0
41.25,729,0,0
41.35,734,0,0
41.45,740,0,0
41.55,741,0,0
41.65,750,0,0
41.75,757,0,0
41.85,750,0,0
41.95,753,0,0
42.05,766,0,0
42.15,753,0,0
42.25,768,0,0
42.35,758,0,0
42.45,772,0,0
42.55,774,0,0
42.65,778,0,0
42.75,782,0,0
42.85,786,0,0
42.95,784,0,0
43.05,788,0,0
43.15,796,0,0
43.25,791,0,0
43.35,787,0,0
43.45,766,0,0
43.55,759,0,0
43.65,750,0,0
43.75,721,0,0
43.85,711,0,0
43.95,723,0,0
44.05,759,0,0
44.15,776,0,0
44.25,781,0,0
44.35,779,0,0
44.45,778,0,0
44.55,787,0,0
44.65,817,0,0
44.75,814,0,0
44.85,845,0,0
44.95,858,0,0
45.05,871,0,0
45.15,884,0,0
45.25,898,0,0
45.35,936,0,0
45.45,946,0,0
45.55,937,0,0
45.65,896,0,0
45.75,861,0,0
45.85,830,0,0
45.95,843,0,0
46.05,867,0,0
46.15,913,0,0
46.25,934,0,0
46.35,944,0,0
46.45,943,0,0
46.55,942,0,0
46.65,942,0,0
46.75,960,0,0
46.85,959,0,0
46.95,965,0,0
47.05,976,0,0
47.15,994,0,0
47.25,988,0,0
47.35,980,0,0
47.45,961,0,0
47.55,953,0,0
47.65,988,0,0
47.75,982,0,0
47.85,952,0,0
47.95,925,0,0
48.05,922,0,0
48.15,940,0,0
48.25,968,0,0
48.35,967,0,0
48.45,984,0,0
48.55,1036,0,0
48.65,1052,0,0
48.75,1077,0,0
48.85,1126,0,0
48.95,1125,0,0
49.05,1102,0,0
49.15,1116,0,0
49.25,1144,0,0
49.35,1116,0,0
49.45,1081,0,0
49.55,1102,0,0
49.65,1132,0,0
49.75,1118,0,0
49.85,1081,0,0
49.95,1086,0,0
50.05,1104,0,0
50.15,1103,0,0
50.25,1089,0,0
50.35,1076,0,0
50.45,1051,0,0
50.55,1067,0,0
50.65,1099,0,0
50.75,1125,0,0
50.85,1135,0,0
50.95,1107,0,0
51.05,1097,0,0
51.15,1081,0,0
51.25,1037,0,0
51.35,1005,0,0
51.45,999,0,0
51.55,982,0,0
51.65,976,0,0
51.75,976,0,0
51.85,994,0,0
51.95,996,0,0
52.05,996,0,0
52.15,975,0,0
52.25,938,0,0
52.35,916,0,0
52.45,878,0,0
52.55,842,0,0
52.65,832,0,0
52.75,830,0,0
52.85,799,0,1
52.95,787,0,1
53.05,757,1,1
53.15,740,1,1
53.25,746,1,1
53.35,738,1,1
53.45,744,1,1
53.55,763,1,1
53.65,773,1,1
53.75,785,1,1
53.85,784,1,1
53.95,771,1,1
54.05,767,1,1
54.15,768,1,1
54.25,772,1,1
54.35,747,1,1
54.45,767,1,1
54.55,771,1,1
54.65,783,1,1
54.75,796,1,1
54.85,805,1,1
54.95,819,1,1
55.05,837,1,1
55.15,867,1,1
55.25,900,1,1
55.35,923,1,1
55.45,946,1,1
55.55,940,1,1
55.65,949,1,1
55.75,1025,1,1
55.85,1069,1,1
55.95,1121,1,1
56.05,1179,0,1
56.15,1181,0,1
56.25,1190,0,1
56.35,1187,0,1
56.45,1169,0,1
56.55,1167,0,1
56.65,1134,0,1
56.75,1090,0,1
56.85,1124,0,1
56.95,1141,0,1
57.05,1136,1,1
57.15,1145,1,1
57.25,1146,1,1
57.35,1141,1,1
57.45,1141,1,1
57.55,1161,1,1
57.65,1170,1,1
57.75,1178,1,1
57.85,1183,1,1
57.95,1140,1,1
58.05,1118,1,1
58.15,1106,1,1
58.25,1082,1,1
58.35,1069,1,1
58.45,1072,1,1
58.55,1069,1,1
58.65,1062,1,1
58.75,1074,1,1
58.85,1051,1,1
58.95,1051,1,1
59.05,1058,1,1
59.15,1073,1,1
59.25,1087,1,1
59.35,1114,1,1
59.45,1120,1,1
59.55,1121,1,1
59.65,1130,1,1
59.75,1167,1,1
59.85,1179,1,1
59.95,1180,1,1
60.05,1192,1,1
60.15,1207,1,1
60.25,1230,1,1
60.35,1250,1,1
60.45,1271,1,1
60.55,1302,1,1
60.65,1314,1,1
60.75,1333,1,1
60.85,1361,1,1
60.95,1368,1,1
61.05,1385,1,1
61.15,1411,1,1
61.25,1471,1,1
61.35,1542,1,1
61.45,1562,1,1
61.55,1590,1,1
61.65,1590,1,1
61.75,1608,1,1
61.85,1630,0,1
61.95,1662,0,1
62.05,1692,0,1
62.15,1717,0,1
62.25,1729,0,1
62.35,1761,0,1
62.45,1801,0,1
62.55,1878,0,1
62.65,1969,0,1
62.75,2017,0,1
62.85,2069,0,1
62.95,2130,0,1
63.05,2203,0,1
63.15,2269,0,1
63.25,2290,0,1
63.35,2328,0,1
63.45,2358,0,1
63.55,2317,0,1
63.65,2286,0,1
63.75,2282,1,1
63.85,2293,1,1
63.95,2304,1,1
64.05,2313,1,1
64.15,2333,1,1
64.25,2347,1,1
64.35,2392,1,1
64.45,2449,1,1
64.55,2486,1,1
64.65,2499,1,1
64.75,2519,1,1
64.85,2525,1,1
64.95,2526,1,1
65.05,2545,1,1
65.15,2594,1,1
65.25,2675,1,1
65.35,2687,0,1
65.45,2595,0,1
65.55,2581,1,1
65.65,2593,1,1
65.75,2585,1,1
65.85,2571,1,1
65.95,2575,1,1
66.05,2567,1,1
66.15,2545,1,1
66.25,2585,1,1
66.35,2605,1,1
66.45,2598,1,1
66.55,2606,1,1
66.65,2590,1,1
66.75,2614,1,1
66.85,2624,1,1
66.95,2618,1,1
67.05,2633,1,1
67.15,2692,0,1
67.25,2697,0,1
67.35,2679,0,1
67.45,2650,0,1
67.55,2652,0,1
67.65,2658,0,1
67.75,2644,0,1
67.85,2725,0,1
67.95,2747,0,1
68.05,2660,0,1
68.15,2580,0,1
68.25,2529,0,1
68.35,2515,0,1
68.45,2505,0,1
68.55,2490,0,1
68.65,2500,0,1
68.75,2508,1,1
68.85,2482,1,1
68.95,2424,1,1
69.05,2345,1,1
69.15,2321,1,1
69.25,2294,1,1
69.35,2278,1,1
69.45,2342,1,1
69.55,2318,1,1
69.65,2268,1,1
69.75,2209,1,1
69.85,2167,1,1
69.95,2167,1,1
70.05,2172,1,1
70.15,2118,1,1
70.25,2095,1,1
70.35,2055,1,1
70.45,2100,1,1
70.55,2048,1,1
70.65,2020,1,1
70.75,2020,1,1
70.85,1983,1,1
70.95,1969,1,1
71.05,1991,1,1
71.15,2015,1,1
71.25,1993,1,1
71.35,1989,1,1
71.45,2027,1,1
71.55,2001,1,1
71.65,1966,1,1
71.75,1933,1,1
71.85,1910,1,1
71.95,1873,1,1
72.05,1827,1,1
72.15,1809,1,1
72.25,1736,1,1
72.35,1677,1,1
72.45,1629,1,1
72.55,1574,1,1
72.65,1520,1,1
72.75,1457,1,1
72.85,1422,1,1
72.95,1442,1,1
73.05,1500,1,1
73.15,1563,1,1
73.25,1616,0,1
73.35,1633,0,1
73.45,1660,0,1
73.55,1710,0,1
73.65,1718,0,1
73.75,1703,0,1
73.85,1683,0,1
73.95,1691,0,1
74.05,1678,0,1
74.15,1655,0,1
74.25,1648,0,1
