km,people,people_per_km2,buildings,buildings_per_km2,tree_pct,built_pct,open_pct,snow_rock_pct,water_pct
0.25,1,1.4,52,52.0,1.0,59.7,0.4,13.2,25.6
0.75,3,2.6,53,53.0,5.7,64.6,3.1,11.8,14.7
1.25,38,37.8,77,77.0,4.2,73.2,1.9,11.3,9.4
1.75,18,18.2,117,117.0,3.2,82.6,1.3,5.4,7.5
2.25,3,3.5,40,40.0,3.4,76.1,1.5,11.1,8.0
2.75,18,18.2,35,35.0,2.9,69.3,8.3,5.8,13.7
3.25,60,60.4,51,51.0,11.4,64.0,12.7,11.3,0.5
3.75,72,71.9,75,75.0,25.5,51.3,19.3,4.0,0.1
4.25,465,464.5,205,205.0,15.5,68.2,15.0,1.2,0.0
4.75,283,283.2,39,39.0,19.1,59.8,18.0,0.4,2.8
5.25,540,540.1,110,110.0,25.4,38.8,31.2,0.1,4.4
5.75,1169,1168.7,307,307.0,36.4,22.6,36.3,0.3,4.4
6.25,1555,1554.9,519,519.0,42.0,27.9,25.8,0.8,3.6
6.75,1178,1178.4,319,319.0,40.0,23.1,32.7,0.1,4.2
7.25,1264,1264.4,461,461.0,36.7,28.0,29.7,0.1,5.5
7.75,1216,1215.9,446,446.0,27.5,37.4,31.0,0.4,3.8
8.25,180,179.7,117,117.0,13.1,34.9,36.8,12.3,2.9
8.75,443,442.7,333,333.0,28.6,23.0,43.2,0.2,5.0
9.25,1019,1019.2,418,418.0,28.4,22.1,44.7,0.4,4.3
9.75,1294,1294.0,512,512.0,41.4,34.7,20.6,0.4,2.9
10.25,1091,1090.8,575,575.0,41.4,39.6,16.1,0.1,2.8
10.75,1473,1473.3,728,728.0,35.4,46.4,15.4,0.1,2.6
11.25,1638,1638.4,895,895.0,33.9,52.0,13.8,0.2,0.0
11.75,2018,2018.4,1166,1166.0,31.4,56.4,11.8,0.4,0.0
12.25,1408,1408.4,700,700.0,26.5,56.9,16.3,0.3,0.0
12.75,957,956.7,531,531.0,12.0,59.4,28.4,0.1,0.2
13.25,1407,1406.5,433,433.0,27.6,58.0,14.4,0.0,0.0
13.75,1769,1768.9,503,503.0,47.9,44.4,7.6,0.1,0.0
14.25,1067,1067.2,356,356.0,64.3,15.1,20.5,0.1,0.0
14.75,865,864.9,249,249.0,86.7,9.5,3.8,0.0,0.0
15.25,1363,1362.5,540,540.0,73.3,19.9,6.7,0.0,0.1
15.75,1623,1622.8,563,563.0,66.5,26.8,6.7,0.0,0.0
16.25,1376,1375.9,451,451.0,69.6,22.3,8.1,0.0,0.0
16.75,1591,1591.0,618,618.0,71.5,26.5,2.0,0.0,0.0
17.25,1293,1292.8,458,458.0,68.8,18.0,13.3,0.0,0.0
17.75,829,828.8,379,379.0,69.4,15.6,15.0,0.0,0.0
18.25,671,670.6,274,274.0,83.9,8.8,6.3,0.9,0.0
18.75,331,331.2,148,148.0,63.4,5.3,31.2,0.1,0.0
19.25,270,270.1,223,223.0,38.3,17.2,44.0,0.6,0.0
19.75,253,252.6,135,135.0,57.3,12.2,25.5,1.5,3.5
20.25,130,130.5,72,72.0,72.6,4.5,13.9,2.4,6.6
20.75,87,86.6,55,55.0,50.5,2.4,27.8,18.3,1.0
21.25,92,92.3,11,11.0,72.0,1.9,26.0,0.1,0.0
21.75,99,99.2,6,6.0,85.4,1.8,11.5,1.0,0.2
22.25,86,85.9,1,1.0,79.0,3.1,16.8,1.1,0.0
22.75,100,100.3,9,9.0,69.3,8.0,16.7,4.8,1.2
23.25,31,31.4,124,124.0,70.7,7.6,15.7,5.9,0.1
23.75,42,42.0,2,2.0,75.2,1.4,17.3,5.5,0.6
24.25,63,63.3,0,0.0,62.6,0.0,37.4,0.0,0.0
24.75,85,84.6,5,5.0,76.7,0.0,23.3,0.0,0.0
25.25,115,114.7,80,80.0,84.6,0.9,14.5,0.0,0.0
25.75,55,54.9,57,57.0,76.5,1.2,22.2,0.0,0.0
26.25,10,9.7,0,0.0,61.8,0.0,38.2,0.0,0.0
26.75,34,33.6,11,11.0,81.1,0.2,9.9,2.6,6.2
27.25,69,69.4,60,60.0,61.1,2.5,29.8,3.0,3.7
27.75,69,69.2,96,96.0,74.5,1.4,24.0,0.0,0.0
28.25,61,61.3,11,11.0,86.5,0.4,13.2,0.0,0.0
28.75,74,73.7,63,63.0,97.3,0.5,2.1,0.0,0.0
29.25,109,108.7,63,63.0,96.5,0.4,3.1,0.0,0.0
29.75,28,27.9,26,26.0,99.4,0.1,0.5,0.0,0.0
30.25,36,35.5,40,40.0,89.8,0.7,8.9,0.0,0.6
30.75,59,58.7,27,27.0,90.8,0.5,8.7,0.0,0.0
31.25,25,24.6,14,14.0,96.9,0.1,3.1,0.0,0.0
31.75,13,12.9,2,2.0,92.4,0.0,7.5,0.2,0.0
32.25,10,9.9,2,2.0,92.3,0.0,7.7,0.0,0.0
32.75,2,1.5,0,0.0,94.5,0.0,5.5,0.0,0.0
33.25,0,0.5,0,0.0,95.1,0.0,4.9,0.0,0.0
33.75,0,0.1,0,0.0,98.7,0.0,1.3,0.0,0.0
34.25,0,0.1,0,0.0,100.0,0.0,0.0,0.0,0.0
34.75,0,0.1,0,0.0,100.0,0.0,0.0,0.0,0.0
35.25,0,0.1,0,0.0,100.0,0.0,0.0,0.0,0.0
35.75,0,0.1,0,0.0,100.0,0.0,0.0,0.0,0.0
36.25,0,0.0,0,0.0,100.0,0.0,0.0,0.0,0.0
36.75,0,0.1,0,0.0,97.9,0.0,2.1,0.0,0.0
37.25,0,0.1,0,0.0,86.7,0.0,13.3,0.0,0.0
37.75,0,0.1,0,0.0,95.5,0.0,4.5,0.0,0.0
38.25,0,0.1,0,0.0,99.7,0.0,0.3,0.0,0.0
38.75,0,0.1,0,0.0,99.5,0.0,0.5,0.0,0.0
39.25,0,0.1,0,0.0,99.9,0.0,0.1,0.0,0.0
39.75,0,0.2,1,1.0,97.6,0.0,2.4,0.0,0.0
40.25,0,0.1,0,0.0,99.3,0.0,0.7,0.0,0.0
40.75,0,0.1,0,0.0,99.6,0.0,0.4,0.0,0.0
41.25,0,0.1,0,0.0,95.4,0.0,4.6,0.0,0.0
41.75,0,0.1,0,0.0,99.0,0.0,1.0,0.0,0.0
42.25,0,0.1,0,0.0,99.9,0.0,0.1,0.0,0.0
42.75,0,0.1,0,0.0,99.3,0.0,0.7,0.0,0.0
43.25,0,0.1,0,0.0,97.6,0.0,2.4,0.0,0.0
43.75,0,0.0,0,0.0,97.4,0.0,2.6,0.0,0.0
44.25,0,0.0,0,0.0,93.5,0.0,6.5,0.0,0.0
44.75,0,0.0,0,0.0,99.4,0.0,0.6,0.0,0.0
45.25,0,0.0,0,0.0,86.6,0.0,13.4,0.0,0.0
45.75,0,0.0,0,0.0,95.2,0.0,4.8,0.0,0.0
46.25,0,0.0,0,0.0,96.5,0.0,3.5,0.0,0.0
46.75,0,0.0,0,0.0,88.9,0.0,11.1,0.0,0.0
47.25,0,0.0,0,0.0,91.9,0.0,8.1,0.0,0.0
47.75,0,0.0,0,0.0,99.4,0.0,0.6,0.0,0.0
48.25,0,0.0,0,0.0,100.0,0.0,0.0,0.0,0.0
48.75,0,0.0,0,0.0,100.0,0.0,0.0,0.0,0.0
49.25,0,0.0,0,0.0,100.0,0.0,0.0,0.0,0.0
49.75,0,0.0,0,0.0,100.0,0.0,0.0,0.0,0.0
50.25,0,0.0,0,0.0,100.0,0.0,0.0,0.0,0.0
50.75,0,0.0,0,0.0,99.9,0.0,0.1,0.0,0.0
51.25,0,0.0,3,3.0,100.0,0.0,0.0,0.0,0.0
51.75,0,0.0,0,0.0,99.9,0.0,0.0,0.1,0.0
52.25,0,0.0,0,0.0,98.5,0.0,0.6,0.4,0.5
52.75,0,0.0,0,0.0,96.7,0.0,0.0,2.7,0.6
53.25,0,0.0,0,0.0,95.2,0.0,2.0,2.7,0.1
53.75,0,0.0,0,0.0,87.2,0.0,10.0,2.3,0.5
54.25,0,0.0,0,0.0,88.5,0.0,7.2,3.5,0.8
54.75,0,0.0,0,0.0,89.9,0.0,7.6,1.7,0.8
55.25,0,0.0,0,0.0,98.0,0.0,0.6,0.8,0.6
55.75,0,0.0,0,0.0,96.5,0.0,1.4,1.8,0.3
56.25,0,0.0,0,0.0,94.1,0.0,3.7,2.3,0.0
56.75,0,0.0,0,0.0,96.3,0.0,0.3,3.2,0.1
57.25,0,0.0,1,1.0,95.7,0.0,0.5,2.7,1.1
57.75,0,0.0,1,1.0,97.6,0.0,1.1,0.8,0.5
58.25,0,0.0,3,3.0,97.2,0.0,0.6,2.1,0.2
58.75,0,0.0,3,3.0,94.5,0.0,2.8,1.4,1.3
59.25,0,0.0,1,1.0,82.4,0.0,12.3,3.1,2.2
59.75,0,0.0,1,1.0,84.9,0.0,10.2,3.1,1.8
60.25,0,0.0,0,0.0,78.2,0.0,18.8,1.7,1.3
60.75,0,0.0,0,0.0,74.2,0.0,18.1,7.2,0.4
61.25,0,0.0,0,0.0,61.7,0.0,19.1,18.5,0.7
61.75,0,0.0,0,0.0,26.1,0.0,26.0,45.8,2.1
62.25,0,0.0,0,0.0,4.8,0.0,22.6,70.4,2.2
62.75,0,0.0,0,0.0,1.2,0.0,14.3,83.1,1.4
63.25,0,0.0,0,0.0,0.5,0.0,3.8,92.8,2.9
63.75,0,0.0,0,0.0,0.2,0.0,1.0,98.8,0.1
64.25,0,0.0,0,0.0,0.0,0.0,0.0,100.0,0.0
64.75,0,0.0,0,0.0,0.0,0.0,0.0,100.0,0.0
65.25,0,0.0,1,1.0,0.0,0.0,0.0,100.0,0.0
65.75,0,0.0,0,0.0,0.0,0.0,0.0,100.0,0.0
66.25,0,0.0,0,0.0,0.0,0.0,0.0,100.0,0.0
66.75,0,0.0,0,0.0,0.0,0.0,0.0,100.0,0.0
67.25,0,0.0,0,0.0,0.0,0.0,0.0,100.0,0.0
67.75,0,0.0,0,0.0,0.1,0.0,0.0,99.9,0.0
68.25,0,0.0,0,0.0,0.0,0.0,0.0,100.0,0.0
68.75,0,0.0,0,0.0,0.0,0.0,0.0,100.0,0.0
69.25,0,0.0,0,0.0,0.0,0.0,0.0,100.0,0.0
69.75,0,0.0,0,0.0,1.7,0.0,1.8,96.5,0.0
70.25,0,0.0,0,0.0,4.0,0.0,12.0,84.0,0.0
70.75,0,0.0,0,0.0,13.9,0.0,24.9,61.3,0.0
71.25,0,0.0,0,0.0,16.8,0.0,26.9,56.2,0.1
71.75,0,0.0,0,0.0,19.3,0.0,60.8,19.8,0.1
72.25,0,0.0,0,0.0,46.1,0.0,25.2,28.6,0.0
72.75,0,0.0,0,0.0,30.5,0.0,19.3,50.2,0.0
73.25,0,0.0,0,0.0,41.0,0.0,34.6,23.2,1.1
73.87,4,2.5,11,7.4,62.3,1.7,35.9,0.1,0.0
