lat,lon,found,type,state,country
47.61,-122.35,2001-02-23,Traditional Cache,Washington,United States
47.66,-122.43,2001-03-06,Traditional Cache,Washington,United States
49.28,-123.23,2001-03-10,Traditional Cache,British Columbia,Canada
47.75,-122.31,2001-03-14,Traditional Cache,Washington,United States
47.67,-122.30,2001-03-14,Traditional Cache,Washington,United States
47.72,-122.37,2001-03-20,Traditional Cache,Washington,United States
48.32,-122.40,2001-04-14,Traditional Cache,Washington,United States
49.39,-123.03,2001-04-15,Traditional Cache,British Columbia,Canada
32.19,-111.14,2001-04-20,Traditional Cache,Arizona,United States
48.02,-122.81,2001-04-25,Traditional Cache,Washington,United States
48.14,-122.77,2001-04-25,Traditional Cache,Washington,United States
47.27,-121.94,2001-05-15,Traditional Cache,Washington,United States
47.56,-122.25,2001-05-16,Traditional Cache,Washington,United States
47.51,-122.04,2001-05-22,Traditional Cache,Washington,United States
47.64,-122.05,2001-05-23,Traditional Cache,Washington,United States
47.67,-122.08,2001-05-23,Traditional Cache,Washington,United States
47.56,-122.06,2001-05-23,Traditional Cache,Washington,United States
47.66,-122.11,2001-05-23,Traditional Cache,Washington,United States
47.58,-122.01,2001-05-23,Traditional Cache,Washington,United States
47.70,-122.40,2001-06-06,Traditional Cache,Washington,United States
47.81,-122.00,2001-06-13,Traditional Cache,Washington,United States
47.75,-121.09,2001-06-13,Traditional Cache,Washington,United States
47.54,-120.52,2001-06-19,Traditional Cache,Washington,United States
47.49,-120.33,2001-06-19,Traditional Cache,Washington,United States
47.18,-120.88,2001-06-19,Traditional Cache,Washington,United States
47.16,-121.09,2001-06-19,Traditional Cache,Washington,United States
47.80,-120.82,2001-06-19,Traditional Cache,Washington,United States
47.65,-122.33,2001-06-20,Unknown Cache,Washington,United States
47.69,-122.25,2001-06-20,Traditional Cache,Washington,United States
47.71,-122.19,2001-06-27,Traditional Cache,Washington,United States
47.69,-122.19,2001-06-27,Traditional Cache,Washington,United States
47.71,-122.18,2001-07-11,Traditional Cache,Washington,United States
39.39,-120.09,2001-07-14,Traditional Cache,California,United States
39.35,-120.23,2001-07-14,Traditional Cache,California,United States
39.34,-119.87,2001-07-16,Traditional Cache,Nevada,United States
39.44,-119.57,2001-07-16,Traditional Cache,Nevada,United States
39.28,-119.94,2001-07-16,Traditional Cache,Nevada,United States
40.92,-119.15,2001-07-17,Traditional Cache,Nevada,United States
39.90,-119.66,2001-07-17,Traditional Cache,Nevada,United States
47.47,-122.36,2001-07-18,Traditional Cache,Washington,United States
47.48,-122.31,2001-07-18,Traditional Cache,Washington,United States
47.54,-122.39,2001-07-18,Traditional Cache,Washington,United States
47.39,-121.45,2001-07-24,Project APE Cache,Washington,United States
47.40,-121.44,2001-07-24,Traditional Cache,Washington,United States
47.65,-122.32,2001-08-08,Multi-cache,Washington,United States
47.61,-122.35,2001-08-18,Traditional Cache,Washington,United States
47.59,-122.37,2001-09-19,Multi-cache,Washington,United States
47.68,-122.26,2001-09-20,Virtual Cache,Washington,United States
47.65,-122.35,2001-09-20,Multi-cache,Washington,United States
47.56,-122.35,2001-09-21,Traditional Cache,Washington,United States
47.74,-122.19,2001-09-22,Traditional Cache,Washington,United States
47.75,-122.21,2001-09-22,Traditional Cache,Washington,United States
47.68,-122.18,2001-09-22,Traditional Cache,Washington,United States
47.68,-122.18,2001-09-22,Traditional Cache,Washington,United States
47.72,-122.20,2001-09-22,Multi-cache,Washington,United States
47.69,-122.27,2001-09-29,Traditional Cache,Washington,United States
47.69,-122.40,2001-09-30,Traditional Cache,Washington,United States
47.53,-122.34,2001-10-02,Traditional Cache,Washington,United States
47.81,-122.00,2001-10-03,Locationless (Reverse) Cache,Washington,United States
47.77,-122.25,2001-10-04,Multi-cache,Washington,United States
47.62,-122.34,2001-11-29,Unknown Cache,Washington,United States
52.36,4.86,2002-01-09,Traditional Cache,,Netherlands
52.36,4.86,2002-01-09,Traditional Cache,Noord-Holland,Netherlands
52.38,4.93,2002-01-10,Multi-cache,,Netherlands
48.09,-123.15,2002-02-15,Virtual Cache,Washington,United States
48.16,-124.71,2002-02-15,Traditional Cache,Washington,United States
47.68,-122.41,2002-02-23,Traditional Cache,Washington,United States
47.66,-122.42,2002-04-04,Traditional Cache,Washington,United States
-33.88,151.20,2002-04-20,Locationless (Reverse) Cache,New South Wales,Australia
47.65,-122.29,2002-04-23,Traditional Cache,Washington,United States
47.61,-122.34,2002-05-13,Traditional Cache,Washington,United States
32.52,-93.74,2002-05-14,Virtual Cache,Louisiana,United States
27.20,-80.17,2002-05-14,Locationless (Reverse) Cache,Florida,United States
38.66,-87.17,2002-05-27,Locationless (Reverse) Cache,Indiana,United States
48.41,-122.66,2002-05-30,Traditional Cache,Washington,United States
48.45,-122.63,2002-05-30,Traditional Cache,Washington,United States
48.41,-122.64,2002-05-30,Traditional Cache,Washington,United States
48.31,-122.33,2002-05-30,Multi-cache,Washington,United States
48.42,-122.66,2002-05-30,Traditional Cache,Washington,United States
48.47,-122.41,2002-05-30,Traditional Cache,Washington,United States
48.39,-122.50,2002-05-30,Traditional Cache,Washington,United States
48.42,-122.64,2002-05-30,Traditional Cache,Washington,United States
48.40,-122.64,2002-05-30,Traditional Cache,Washington,United States
48.42,-122.66,2002-05-30,Traditional Cache,Washington,United States
48.40,-122.64,2002-05-30,Traditional Cache,Washington,United States
47.59,-122.33,2002-06-04,Multi-cache,Washington,United States
47.58,-122.37,2002-06-11,Multi-cache,Washington,United States
47.63,-122.36,2002-06-11,Virtual Cache,Washington,United States
39.48,-88.37,2002-07-04,Locationless (Reverse) Cache,Illinois,United States
37.93,-119.46,2002-07-05,Virtual Cache,California,United States
47.61,-122.34,2002-08-22,Multi-cache,Washington,United States
48.39,-124.73,2002-08-29,Virtual Cache,Washington,United States
48.37,-124.60,2002-08-29,Virtual Cache,Washington,United States
49.21,-123.97,2002-09-05,Traditional Cache,British Columbia,Canada
49.22,-123.98,2002-09-06,Traditional Cache,British Columbia,Canada
50.61,-127.33,2002-09-06,Traditional Cache,British Columbia,Canada
47.65,-122.35,2002-09-11,Multi-cache,Washington,United States
47.66,-122.37,2002-09-11,Multi-cache,Washington,United States
47.63,-122.32,2002-09-11,Virtual Cache,Washington,United States
47.62,-122.33,2002-10-17,Traditional Cache,Washington,United States
39.52,-119.83,2002-12-24,Traditional Cache,Nevada,United States
47.63,-122.30,2003-01-08,Traditional Cache,Washington,United States
47.63,-122.30,2003-01-08,Multi-cache,Washington,United States
37.78,-122.43,2003-01-08,Virtual Cache,California,United States
47.65,-122.29,2003-01-08,Traditional Cache,Washington,United States
32.24,-111.16,2003-03-27,Traditional Cache,Arizona,United States
32.23,-111.17,2003-03-27,Traditional Cache,Arizona,United States
32.32,-114.05,2003-03-28,Traditional Cache,Arizona,United States
32.24,-113.90,2003-03-28,Traditional Cache,Arizona,United States
32.23,-113.75,2003-03-28,Traditional Cache,Arizona,United States
32.31,-114.05,2003-03-28,Traditional Cache,Arizona,United States
32.01,-112.97,2003-03-29,Virtual Cache,Arizona,United States
32.62,-114.19,2003-03-29,Traditional Cache,Arizona,United States
32.32,-110.81,2003-03-31,Traditional Cache,Arizona,United States
47.61,-122.34,2003-04-03,Virtual Cache,Washington,United States
47.65,-122.33,2003-04-10,Multi-cache,Washington,United States
47.66,-122.32,2003-04-10,Traditional Cache,Washington,United States
47.58,-122.38,2003-04-30,Traditional Cache,Washington,United States
47.66,-122.36,2003-05-01,Traditional Cache,Washington,United States
39.52,-119.81,2003-06-04,Traditional Cache,Nevada,United States
47.50,-121.76,2003-07-17,Traditional Cache,Washington,United States
37.78,-122.46,2003-09-26,Virtual Cache,California,United States
37.77,-122.46,2003-09-26,Traditional Cache,California,United States
37.77,-122.51,2003-09-29,Virtual Cache,California,United States
37.74,-122.48,2003-09-30,Traditional Cache,California,United States
47.61,-122.34,2003-11-05,Traditional Cache,Washington,United States
47.60,-122.35,2003-11-06,Multi-cache,Washington,United States
47.63,-122.33,2003-11-13,Unknown Cache,Washington,United States
39.56,-119.82,2003-12-25,Traditional Cache,Nevada,United States
39.55,-119.83,2003-12-26,Traditional Cache,Nevada,United States
37.24,-115.09,2004-04-09,Traditional Cache,Nevada,United States
37.35,-115.62,2004-04-09,Traditional Cache,Nevada,United States
37.65,-115.75,2004-04-10,Virtual Cache,Nevada,United States
38.00,-116.07,2004-04-10,Traditional Cache,Nevada,United States
37.71,-117.23,2004-04-10,Virtual Cache,Nevada,United States
37.22,-117.74,2004-04-10,Traditional Cache,California,United States
38.16,-116.12,2004-04-10,Traditional Cache,Nevada,United States
37.03,-117.34,2004-04-11,Virtual Cache,California,United States
36.23,-116.77,2004-04-14,Virtual Cache,California,United States
47.61,-122.34,2004-06-01,Traditional Cache,Washington,United States
47.63,-122.36,2004-06-02,Traditional Cache,Washington,United States
47.60,-122.33,2004-06-02,Traditional Cache,Washington,United States
47.60,-122.32,2004-06-02,Traditional Cache,Washington,United States
47.60,-122.33,2004-06-03,Traditional Cache,Washington,United States
47.60,-122.33,2004-06-03,Traditional Cache,Washington,United States
47.61,-122.33,2004-06-03,Traditional Cache,Washington,United States
48.50,-120.76,2004-07-29,Traditional Cache,Washington,United States
48.53,-120.65,2004-07-29,Traditional Cache,Washington,United States
47.63,-122.36,2004-08-04,Traditional Cache,Washington,United States
47.62,-122.35,2004-08-04,Multi-cache,Washington,United States
48.16,-124.71,2004-08-12,Virtual Cache,Washington,United States
48.18,-124.70,2004-08-12,Virtual Cache,Washington,United States
48.16,-124.71,2004-08-12,Virtual Cache,Washington,United States
48.16,-124.67,2004-08-12,Virtual Cache,Washington,United States
-42.89,147.33,2004-11-16,Traditional Cache,Tasmania,Australia
-42.90,147.24,2004-11-16,Virtual Cache,Tasmania,Australia
39.53,-119.81,2004-12-25,Traditional Cache,Nevada,United States
39.52,-119.81,2004-12-27,Traditional Cache,Nevada,United States
47.62,-122.35,2005-04-07,Traditional Cache,Washington,United States
47.61,-122.34,2006-03-29,Traditional Cache,Washington,United States
47.62,-122.33,2006-03-30,Traditional Cache,Washington,United States
47.62,-122.33,2006-03-30,Traditional Cache,Washington,United States
47.02,-119.98,2006-04-27,Traditional Cache,Washington,United States
47.22,-119.99,2006-04-27,Traditional Cache,Washington,United States
48.13,-124.31,2006-05-04,Traditional Cache,Washington,United States
39.54,-119.81,2006-12-25,Traditional Cache,Nevada,United States
47.61,-122.35,2007-05-16,Traditional Cache,Washington,United States
47.62,-122.34,2007-05-22,Unknown Cache,Washington,United States
47.62,-122.36,2007-05-23,Unknown Cache,Washington,United States
47.62,-122.35,2007-05-23,Traditional Cache,Washington,United States
47.63,-122.40,2007-05-24,Traditional Cache,Washington,United States
47.63,-122.37,2007-10-11,Traditional Cache,Washington,United States
47.62,-122.37,2007-10-11,Traditional Cache,Washington,United States
47.62,-122.35,2008-04-10,Multi-cache,Washington,United States
39.52,-119.82,2008-05-08,Traditional Cache,Nevada,United States
39.52,-119.81,2008-05-08,Traditional Cache,Nevada,United States
39.52,-120.00,2008-05-08,Traditional Cache,Nevada,United States
39.52,-119.81,2008-05-08,Traditional Cache,Nevada,United States
39.52,-119.81,2008-05-09,Traditional Cache,Nevada,United States
39.52,-119.82,2008-05-09,Traditional Cache,Nevada,United States
39.59,-119.93,2008-05-09,Traditional Cache,Nevada,United States
39.53,-119.82,2008-05-09,Traditional Cache,Nevada,United States
39.59,-119.93,2008-05-09,Traditional Cache,Nevada,United States
39.52,-119.82,2008-05-10,Traditional Cache,Nevada,United States
39.53,-119.81,2008-05-10,Event Cache,Nevada,United States
39.50,-119.90,2008-05-11,Earthcache,Nevada,United States
39.51,-119.93,2008-05-11,Earthcache,Nevada,United States
37.83,-120.26,2008-05-12,Traditional Cache,California,United States
37.81,-120.30,2008-05-12,Multi-cache,California,United States
37.82,-120.01,2008-05-12,Traditional Cache,California,United States
37.80,-120.29,2008-05-12,Traditional Cache,California,United States
37.82,-119.92,2008-05-12,Traditional Cache,California,United States
37.87,-119.97,2008-05-12,Traditional Cache,California,United States
37.81,-119.86,2008-05-12,Traditional Cache,California,United States
37.82,-120.20,2008-05-12,Multi-cache,California,United States
37.86,-119.87,2008-05-12,Traditional Cache,California,United States
37.84,-120.23,2008-05-12,Traditional Cache,California,United States
37.83,-120.02,2008-05-12,Traditional Cache,California,United States
37.85,-119.87,2008-05-12,Traditional Cache,California,United States
37.84,-120.23,2008-05-12,Traditional Cache,California,United States
47.65,-122.38,2008-05-22,Traditional Cache,Washington,United States
47.67,-122.40,2008-05-22,Traditional Cache,Washington,United States
47.65,-122.39,2008-05-22,Traditional Cache,Washington,United States
47.66,-122.40,2008-05-22,Traditional Cache,Washington,United States
47.66,-122.40,2008-05-22,Traditional Cache,Washington,United States
47.66,-122.38,2008-05-22,Traditional Cache,Washington,United States
47.59,-122.34,2008-05-28,Traditional Cache,Washington,United States
47.67,-122.40,2008-05-28,Traditional Cache,Washington,United States
47.70,-122.40,2008-05-28,Traditional Cache,Washington,United States
47.69,-122.40,2008-05-28,Traditional Cache,Washington,United States
47.67,-122.40,2008-05-28,Traditional Cache,Washington,United States
47.69,-122.40,2008-05-28,Traditional Cache,Washington,United States
47.68,-122.41,2008-05-28,Traditional Cache,Washington,United States
47.69,-122.40,2008-05-28,Traditional Cache,Washington,United States
47.69,-122.40,2008-05-28,Traditional Cache,Washington,United States
47.62,-122.35,2008-05-29,Traditional Cache,Washington,United States
47.61,-122.33,2008-05-29,Traditional Cache,Washington,United States
47.62,-122.33,2008-05-29,Traditional Cache,Washington,United States
47.60,-122.34,2008-06-04,Traditional Cache,Washington,United States
47.61,-122.35,2008-06-04,Traditional Cache,Washington,United States
47.63,-122.53,2008-06-12,Traditional Cache,Washington,United States
47.63,-122.52,2008-06-12,Traditional Cache,Washington,United States
47.62,-122.34,2008-06-18,Traditional Cache,Washington,United States
39.52,-119.82,2008-09-10,Traditional Cache,Nevada,United States
39.54,-119.82,2008-09-11,Traditional Cache,Nevada,United States
39.51,-119.88,2008-09-11,Earthcache,Nevada,United States
39.58,-119.95,2008-09-11,Traditional Cache,Nevada,United States
39.54,-119.81,2008-09-11,Traditional Cache,Nevada,United States
39.62,-119.90,2008-09-11,Traditional Cache,Nevada,United States
39.52,-119.83,2008-09-11,Traditional Cache,Nevada,United States
38.18,-119.19,2008-09-14,Traditional Cache,California,United States
38.07,-119.18,2008-09-14,Traditional Cache,California,United States
38.61,-119.52,2008-09-14,Traditional Cache,California,United States
38.27,-119.29,2008-09-14,Traditional Cache,California,United States
38.05,-119.17,2008-09-14,Traditional Cache,California,United States
38.25,-119.21,2008-09-14,Earthcache,California,United States
37.96,-119.12,2008-09-14,Virtual Cache,California,United States
38.35,-119.45,2008-09-14,Traditional Cache,California,United States
38.26,-119.23,2008-09-14,Traditional Cache,California,United States
38.48,-119.46,2008-09-14,Traditional Cache,California,United States
38.08,-119.15,2008-09-14,Traditional Cache,California,United States
38.64,-119.53,2008-09-14,Traditional Cache,California,United States
38.51,-119.47,2008-09-14,Traditional Cache,California,United States
38.09,-119.16,2008-09-14,Traditional Cache,California,United States
38.02,-119.14,2008-09-14,Virtual Cache,California,United States
38.75,-119.57,2008-09-14,Traditional Cache,Nevada,United States
38.05,-119.18,2008-09-14,Traditional Cache,California,United States
38.09,-119.16,2008-09-14,Traditional Cache,California,United States
38.15,-119.22,2008-09-14,Virtual Cache,California,United States
38.80,-119.61,2008-09-14,Traditional Cache,Nevada,United States
38.04,-119.16,2008-09-14,Traditional Cache,California,United States
37.95,-119.22,2008-09-15,Traditional Cache,California,United States
37.93,-119.25,2008-09-15,Traditional Cache,California,United States
37.63,-119.08,2008-09-15,Earthcache,California,United States
37.63,-119.08,2008-09-15,Earthcache,California,United States
37.95,-119.05,2008-09-15,Traditional Cache,California,United States
37.63,-119.09,2008-09-15,Earthcache,California,United States
37.94,-119.03,2008-09-15,Earthcache,California,United States
37.96,-119.12,2008-09-15,Traditional Cache,California,United States
37.93,-119.05,2008-09-15,Traditional Cache,California,United States
37.94,-119.18,2008-09-15,Traditional Cache,California,United States
37.95,-119.11,2008-09-15,Traditional Cache,California,United States
37.94,-119.18,2008-09-15,Traditional Cache,California,United States
37.94,-119.03,2008-09-15,Earthcache,California,United States
37.82,-120.04,2008-09-15,Traditional Cache,California,United States
37.82,-120.32,2008-09-16,Virtual Cache,California,United States
37.98,-120.39,2008-09-16,Virtual Cache,California,United States
37.98,-120.38,2008-09-16,Traditional Cache,California,United States
37.74,-119.58,2008-09-16,Virtual Cache,California,United States
37.72,-119.63,2008-09-16,Virtual Cache,California,United States
37.81,-120.12,2008-09-16,Traditional Cache,California,United States
37.83,-120.12,2008-09-16,Traditional Cache,California,United States
37.98,-120.39,2008-09-16,Traditional Cache,California,United States
37.74,-119.60,2008-09-16,Unknown Cache,California,United States
37.75,-119.57,2008-09-16,Virtual Cache,California,United States
37.98,-120.39,2008-09-16,Traditional Cache,California,United States
37.98,-120.38,2008-09-16,Traditional Cache,California,United States
37.99,-120.38,2008-09-16,Traditional Cache,California,United States
37.82,-120.15,2008-09-16,Traditional Cache,California,United States
37.97,-120.38,2008-09-17,Traditional Cache,California,United States
38.33,-119.63,2008-09-17,Traditional Cache,California,United States
38.34,-119.93,2008-09-17,Virtual Cache,California,United States
37.98,-120.38,2008-09-17,Traditional Cache,California,United States
37.97,-120.38,2008-09-17,Traditional Cache,California,United States
38.34,-119.83,2008-09-17,Traditional Cache,California,United States
37.99,-120.38,2008-09-17,Traditional Cache,California,United States
37.98,-120.38,2008-09-17,Traditional Cache,California,United States
38.33,-119.69,2008-09-17,Traditional Cache,California,United States
37.98,-120.39,2008-09-17,Traditional Cache,California,United States
37.99,-120.38,2008-09-17,Traditional Cache,California,United States
37.98,-120.38,2008-09-17,Traditional Cache,California,United States
37.98,-120.38,2008-09-17,Traditional Cache,California,United States
-41.44,147.13,2009-02-17,Traditional Cache,Tasmania,Australia
-41.44,147.15,2009-02-17,Traditional Cache,Tasmania,Australia
-41.44,147.11,2009-02-17,Traditional Cache,Tasmania,Australia
-41.43,147.15,2009-02-17,Traditional Cache,Tasmania,Australia
-41.44,147.14,2009-02-17,Traditional Cache,Tasmania,Australia
-33.88,151.25,2009-02-17,Traditional Cache,New South Wales,Australia
-41.45,147.12,2009-02-17,Traditional Cache,Tasmania,Australia
-41.44,147.12,2009-02-17,Traditional Cache,Tasmania,Australia
-41.77,145.96,2009-02-20,Traditional Cache,Tasmania,Australia
-41.83,146.04,2009-02-20,Traditional Cache,Tasmania,Australia
-41.86,146.06,2009-02-21,Traditional Cache,Tasmania,Australia
-41.90,146.10,2009-02-22,Traditional Cache,Tasmania,Australia
-42.01,146.10,2009-02-23,Traditional Cache,Tasmania,Australia
-43.41,146.90,2009-02-26,Traditional Cache,Tasmania,Australia
-43.58,146.90,2009-02-26,Traditional Cache,Tasmania,Australia
-43.56,146.89,2009-02-26,Traditional Cache,Tasmania,Australia
-29.43,153.36,2009-03-04,Traditional Cache,New South Wales,Australia
-28.64,153.64,2009-03-04,Traditional Cache,New South Wales,Australia
-29.43,153.36,2009-03-04,Traditional Cache,New South Wales,Australia
-28.65,153.62,2009-03-04,Traditional Cache,New South Wales,Australia
-29.44,153.37,2009-03-04,Traditional Cache,New South Wales,Australia
-28.63,153.64,2009-03-04,Traditional Cache,New South Wales,Australia
-29.43,153.36,2009-03-04,Traditional Cache,New South Wales,Australia
-29.43,153.36,2009-03-04,Traditional Cache,New South Wales,Australia
-29.48,153.36,2009-03-04,Traditional Cache,New South Wales,Australia
-28.68,153.62,2009-03-04,Traditional Cache,New South Wales,Australia
-28.63,153.60,2009-03-05,Traditional Cache,New South Wales,Australia
-27.47,153.03,2009-03-05,Traditional Cache,Queensland,Australia
-27.86,153.31,2009-03-05,Traditional Cache,Queensland,Australia
-27.46,153.02,2009-03-05,Traditional Cache,Queensland,Australia
-27.47,153.03,2009-03-05,Traditional Cache,Queensland,Australia
-27.46,153.02,2009-03-05,Traditional Cache,Queensland,Australia
-28.42,153.52,2009-03-05,Traditional Cache,New South Wales,Australia
-28.64,153.61,2009-03-05,Traditional Cache,New South Wales,Australia
-28.64,153.55,2009-03-05,Traditional Cache,New South Wales,Australia
-27.47,153.02,2009-03-05,Traditional Cache,Queensland,Australia
-27.48,153.03,2009-03-06,Traditional Cache,Queensland,Australia
-27.47,153.02,2009-03-06,Traditional Cache,Queensland,Australia
-27.47,153.03,2009-03-06,Traditional Cache,Queensland,Australia
-27.47,153.03,2009-03-06,Traditional Cache,Queensland,Australia
47.62,-122.35,2009-04-09,Traditional Cache,Washington,United States
47.63,-122.37,2009-04-09,Traditional Cache,Washington,United States
47.57,-122.35,2009-04-16,Traditional Cache,Washington,United States
47.58,-122.34,2009-04-16,Traditional Cache,Washington,United States
47.60,-122.39,2009-04-16,Traditional Cache,Washington,United States
47.58,-122.37,2009-04-16,Traditional Cache,Washington,United States
47.56,-122.41,2009-04-30,Traditional Cache,Washington,United States
47.59,-122.38,2009-04-30,Traditional Cache,Washington,United States
47.59,-122.39,2009-04-30,Traditional Cache,Washington,United States
47.59,-122.38,2009-04-30,Traditional Cache,Washington,United States
47.54,-122.40,2009-04-30,Traditional Cache,Washington,United States
47.57,-122.41,2009-04-30,Traditional Cache,Washington,United States
47.57,-122.41,2009-04-30,Traditional Cache,Washington,United States
47.57,-122.35,2009-04-30,Traditional Cache,Washington,United States
39.52,-119.81,2009-05-06,Traditional Cache,Nevada,United States
39.52,-119.81,2009-05-06,Traditional Cache,Nevada,United States
39.53,-119.81,2009-05-06,Traditional Cache,Nevada,United States
39.52,-119.82,2009-05-06,Traditional Cache,Nevada,United States
39.53,-119.81,2009-05-06,Traditional Cache,Nevada,United States
39.55,-119.83,2009-05-08,Traditional Cache,Nevada,United States
39.55,-119.82,2009-05-08,Traditional Cache,Nevada,United States
39.56,-119.83,2009-05-08,Traditional Cache,Nevada,United States
39.55,-119.86,2009-05-08,Traditional Cache,Nevada,United States
39.55,-119.85,2009-05-08,Traditional Cache,Nevada,United States
39.56,-119.84,2009-05-08,Traditional Cache,Nevada,United States
39.50,-119.90,2009-05-09,Traditional Cache,Nevada,United States
39.50,-119.90,2009-05-09,Traditional Cache,Nevada,United States
39.50,-119.91,2009-05-09,Traditional Cache,Nevada,United States
39.50,-119.89,2009-05-09,Traditional Cache,Nevada,United States
38.41,-120.81,2009-05-10,Earthcache,California,United States
38.58,-120.84,2009-05-10,Traditional Cache,California,United States
38.30,-120.70,2009-05-10,Traditional Cache,California,United States
38.30,-120.71,2009-05-10,Traditional Cache,California,United States
38.28,-120.71,2009-05-10,Virtual Cache,California,United States
37.99,-120.38,2009-05-11,Traditional Cache,California,United States
37.90,-120.45,2009-05-11,Traditional Cache,California,United States
37.88,-120.46,2009-05-11,Traditional Cache,California,United States
37.95,-119.79,2009-05-11,Multi-cache,California,United States
37.98,-120.39,2009-05-11,Traditional Cache,California,United States
38.54,-120.39,2009-05-14,Traditional Cache,California,United States
47.37,-122.49,2009-07-21,Traditional Cache,Washington,United States
47.37,-122.49,2009-07-21,Virtual Cache,Washington,United States
47.48,-122.48,2009-07-21,Traditional Cache,Washington,United States
47.41,-122.52,2009-07-21,Traditional Cache,Washington,United States
47.42,-122.46,2009-07-21,Traditional Cache,Washington,United States
47.44,-122.46,2009-07-21,Traditional Cache,Washington,United States
47.52,-122.39,2009-07-21,Traditional Cache,Washington,United States
47.42,-122.46,2009-07-21,Unknown Cache,Washington,United States
47.49,-122.47,2009-07-21,Traditional Cache,Washington,United States
47.51,-122.46,2009-08-04,Traditional Cache,Washington,United States
47.39,-122.51,2009-08-04,Traditional Cache,Washington,United States
47.66,-122.39,2009-08-05,Traditional Cache,Washington,United States
47.61,-122.35,2009-08-05,Traditional Cache,Washington,United States
38.70,-119.55,2009-09-20,Traditional Cache,Nevada,United States
38.03,-119.16,2009-09-20,Traditional Cache,California,United States
38.42,-119.45,2009-09-20,Traditional Cache,California,United States
37.96,-119.12,2009-09-20,Traditional Cache,California,United States
38.52,-119.48,2009-09-20,Traditional Cache,California,United States
38.70,-119.55,2009-09-20,Traditional Cache,Nevada,United States
37.86,-119.08,2009-09-21,Traditional Cache,California,United States
37.76,-119.03,2009-09-21,Traditional Cache,California,United States
37.66,-119.06,2009-09-21,Traditional Cache,California,United States
37.71,-118.96,2009-09-21,Traditional Cache,California,United States
37.77,-119.49,2009-09-21,Virtual Cache,California,United States
37.81,-119.02,2009-09-21,Traditional Cache,California,United States
37.76,-119.02,2009-09-21,Traditional Cache,California,United States
37.89,-119.09,2009-09-21,Traditional Cache,California,United States
37.65,-119.00,2009-09-22,Traditional Cache,California,United States
37.71,-119.15,2009-09-22,Traditional Cache,California,United States
37.69,-119.14,2009-09-22,Traditional Cache,California,United States
37.68,-119.08,2009-09-22,Traditional Cache,California,United States
37.65,-119.00,2009-09-22,Traditional Cache,California,United States
37.68,-118.94,2009-09-23,Traditional Cache,California,United States
-45.02,168.68,2010-01-22,Traditional Cache,South Island,New Zealand
-45.03,168.66,2010-01-22,Traditional Cache,South Island,New Zealand
-45.04,168.66,2010-01-22,Traditional Cache,South Island,New Zealand
-45.39,167.62,2010-01-23,Traditional Cache,South Island,New Zealand
-45.44,167.68,2010-01-26,Traditional Cache,South Island,New Zealand
-43.89,172.98,2010-02-01,Traditional Cache,South Island,New Zealand
-43.80,172.97,2010-02-01,Traditional Cache,South Island,New Zealand
-43.81,172.96,2010-02-01,Traditional Cache,South Island,New Zealand
-45.04,168.66,2010-02-01,Earthcache,South Island,New Zealand
-43.83,172.97,2010-02-01,Traditional Cache,South Island,New Zealand
-43.80,173.00,2010-02-02,Traditional Cache,South Island,New Zealand
-43.81,173.04,2010-02-02,Traditional Cache,South Island,New Zealand
-33.86,151.21,2010-02-04,Traditional Cache,New South Wales,Australia
-33.86,151.22,2010-02-04,Multi-cache,New South Wales,Australia
-33.86,151.22,2010-02-04,Traditional Cache,New South Wales,Australia
-33.86,151.20,2010-02-04,Traditional Cache,New South Wales,Australia
-33.80,151.29,2010-02-05,Traditional Cache,New South Wales,Australia
-33.86,151.20,2010-02-07,Multi-cache,New South Wales,Australia
48.09,-122.69,2010-04-28,Traditional Cache,Washington,United States
48.09,-122.70,2010-04-28,Traditional Cache,Washington,United States
48.10,-122.69,2010-04-28,Traditional Cache,Washington,United States
48.05,-122.69,2010-05-19,Traditional Cache,Washington,United States
48.05,-122.68,2010-05-20,Unknown Cache,Washington,United States
48.03,-122.76,2010-05-23,Traditional Cache,Washington,United States
-33.87,151.22,2011-02-21,Traditional Cache,New South Wales,Australia
-33.89,151.23,2011-02-21,Traditional Cache,New South Wales,Australia
-33.87,151.22,2011-02-21,Traditional Cache,New South Wales,Australia
-33.89,151.23,2011-02-21,Traditional Cache,New South Wales,Australia
-36.80,174.86,2011-02-24,Traditional Cache,North Island,New Zealand
-36.79,174.86,2011-02-24,Traditional Cache,North Island,New Zealand
-36.81,174.86,2011-02-24,Traditional Cache,North Island,New Zealand
-36.79,174.86,2011-02-24,Traditional Cache,North Island,New Zealand
-36.81,174.86,2011-02-24,Traditional Cache,North Island,New Zealand
-33.86,151.27,2011-03-13,Traditional Cache,New South Wales,Australia
36.58,-118.05,2012-05-05,Traditional Cache,California,United States
36.61,-118.13,2012-05-05,Earthcache,California,United States
36.73,-118.16,2012-05-05,Virtual Cache,California,United States
36.73,-118.18,2012-05-05,Traditional Cache,California,United States
36.58,-118.06,2012-05-05,Traditional Cache,California,United States
36.60,-118.08,2012-05-05,Traditional Cache,California,United States
36.61,-118.13,2012-05-05,Traditional Cache,California,United States
36.78,-118.29,2012-05-05,Traditional Cache,California,United States
36.61,-118.14,2012-05-05,Traditional Cache,California,United States
36.60,-118.08,2012-05-05,Traditional Cache,California,United States
37.18,-118.24,2012-05-06,Traditional Cache,California,United States
37.39,-118.18,2012-05-06,Traditional Cache,California,United States
37.21,-118.24,2012-05-06,Traditional Cache,California,United States
37.17,-118.28,2012-05-06,Traditional Cache,California,United States
37.42,-118.19,2012-05-06,Traditional Cache,California,United States
37.28,-118.15,2012-05-06,Traditional Cache,California,United States
37.36,-118.19,2012-05-06,Traditional Cache,California,United States
37.44,-118.63,2012-05-06,Traditional Cache,California,United States
37.18,-118.26,2012-05-06,Traditional Cache,California,United States
37.23,-118.28,2012-05-06,Traditional Cache,California,United States
37.17,-118.29,2012-05-06,Traditional Cache,California,United States
37.38,-118.18,2012-05-06,Traditional Cache,California,United States
47.62,-122.36,2012-06-13,Traditional Cache,Washington,United States
38.51,-119.21,2012-09-16,Traditional Cache,Nevada,United States
38.63,-119.26,2012-09-16,Traditional Cache,Nevada,United States
38.55,-119.22,2012-09-16,Traditional Cache,Nevada,United States
38.58,-119.22,2012-09-16,Traditional Cache,Nevada,United States
38.57,-119.21,2012-09-16,Traditional Cache,Nevada,United States
38.75,-119.44,2012-09-16,Traditional Cache,Nevada,United States
38.75,-119.37,2012-09-16,Traditional Cache,Nevada,United States
38.74,-119.47,2012-09-16,Traditional Cache,Nevada,United States
38.63,-119.26,2012-09-16,Traditional Cache,Nevada,United States
38.68,-119.29,2012-09-16,Traditional Cache,Nevada,United States
38.62,-119.25,2012-09-16,Traditional Cache,Nevada,United States
38.26,-119.22,2012-09-16,Traditional Cache,California,United States
37.90,-119.09,2012-09-16,Traditional Cache,California,United States
37.93,-119.25,2012-09-17,Traditional Cache,California,United States
37.81,-119.87,2012-09-17,Traditional Cache,California,United States
37.94,-119.24,2012-09-17,Traditional Cache,California,United States
37.93,-119.25,2012-09-17,Traditional Cache,California,United States
37.93,-119.26,2012-09-17,Traditional Cache,California,United States
37.92,-119.25,2012-09-17,Traditional Cache,California,United States
37.97,-119.12,2012-09-17,Traditional Cache,California,United States
37.94,-119.23,2012-09-17,Traditional Cache,California,United States
37.82,-120.26,2012-09-17,Traditional Cache,California,United States
37.92,-119.26,2012-09-17,Traditional Cache,California,United States
37.81,-119.87,2012-09-17,Traditional Cache,California,United States
37.94,-119.23,2012-09-17,Traditional Cache,California,United States
37.93,-119.25,2012-09-17,Traditional Cache,California,United States
37.90,-118.43,2012-09-18,Traditional Cache,Nevada,United States
37.85,-118.35,2012-09-18,Traditional Cache,Nevada,United States
37.65,-118.59,2012-09-18,Traditional Cache,California,United States
37.62,-118.82,2012-09-18,Traditional Cache,California,United States
38.08,-119.20,2012-09-19,Traditional Cache,California,United States
37.65,-118.99,2012-09-19,Traditional Cache,California,United States
38.08,-119.20,2012-09-19,Traditional Cache,California,United States
49.39,-123.08,2012-10-10,Traditional Cache,British Columbia,Canada
38.40,-119.18,2012-10-21,Traditional Cache,California,United States
38.34,-119.21,2012-10-21,Traditional Cache,California,United States
38.42,-119.16,2012-10-21,Traditional Cache,Nevada,United States
38.42,-119.16,2012-10-21,Traditional Cache,California,United States
38.44,-119.13,2012-10-21,Traditional Cache,Nevada,United States
37.42,-118.56,2012-10-22,Traditional Cache,California,United States
37.17,-118.02,2012-10-22,Traditional Cache,California,United States
37.14,-118.05,2012-10-22,Traditional Cache,California,United States
35.30,-120.69,2013-08-11,Traditional Cache,California,United States
35.30,-120.70,2013-08-12,Traditional Cache,California,United States
34.53,-120.03,2013-08-13,Traditional Cache,California,United States
34.53,-120.04,2013-08-13,Traditional Cache,California,United States
34.54,-120.05,2013-08-13,Traditional Cache,California,United States
34.49,-120.06,2013-08-13,Traditional Cache,California,United States
34.53,-120.04,2013-08-13,Traditional Cache,California,United States
34.53,-120.02,2013-08-13,Traditional Cache,California,United States
34.53,-120.07,2013-08-13,Traditional Cache,California,United States
34.53,-120.06,2013-08-13,Traditional Cache,California,United States
34.53,-119.99,2013-08-13,Traditional Cache,California,United States
34.51,-120.06,2013-08-13,Traditional Cache,California,United States
47.91,-124.58,2014-05-01,Traditional Cache,Washington,United States
47.91,-124.53,2014-05-01,Traditional Cache,Washington,United States
47.89,-124.36,2014-05-01,Traditional Cache,Washington,United States
47.97,-124.41,2014-05-01,Traditional Cache,Washington,United States
37.58,-118.98,2014-05-12,Traditional Cache,California,United States
37.73,-118.59,2014-05-13,Traditional Cache,California,United States
40.78,-110.37,2015-07-03,Traditional Cache,Utah,United States
46.20,-121.49,2015-07-15,Virtual Cache,Washington,United States
37.71,-118.95,2016-05-10,Traditional Cache,California,United States
37.73,-118.95,2016-05-10,Traditional Cache,California,United States
37.82,-118.98,2016-05-10,Traditional Cache,California,United States
37.78,-118.90,2016-05-10,Traditional Cache,California,United States
37.83,-118.87,2016-05-10,Traditional Cache,California,United States
37.85,-118.84,2016-05-10,Traditional Cache,California,United States
37.87,-118.86,2016-05-11,Traditional Cache,California,United States
37.87,-118.87,2016-05-11,Traditional Cache,California,United States
37.89,-118.87,2016-05-11,Traditional Cache,California,United States
37.91,-118.76,2016-05-11,Traditional Cache,California,United States
37.91,-118.76,2016-05-11,Traditional Cache,California,United States
37.90,-118.74,2016-05-11,Traditional Cache,California,United States
37.94,-118.69,2016-05-11,Traditional Cache,California,United States
47.65,-122.35,2016-05-19,Groundspeak HQ,Washington,United States
48.68,-122.83,2016-05-25,Traditional Cache,Washington,United States
48.60,-122.94,2016-05-26,Traditional Cache,Washington,United States
47.68,-122.33,2016-05-27,Traditional Cache,Washington,United States
47.68,-122.33,2016-05-27,Traditional Cache,Washington,United States
47.68,-122.33,2016-05-27,Traditional Cache,Washington,United States
47.65,-122.42,2016-06-02,Traditional Cache,Washington,United States
47.65,-122.41,2016-06-03,Traditional Cache,Washington,United States
48.07,-123.07,2016-06-08,Traditional Cache,Washington,United States
48.14,-123.13,2016-06-08,Traditional Cache,Washington,United States
48.14,-123.13,2016-06-08,Traditional Cache,Washington,United States
48.11,-123.35,2016-06-08,Traditional Cache,Washington,United States
48.14,-123.44,2016-06-08,Traditional Cache,Washington,United States
48.14,-123.46,2016-06-08,Traditional Cache,Washington,United States
48.14,-123.46,2016-06-08,Traditional Cache,Washington,United States
48.11,-123.40,2016-06-08,Traditional Cache,Washington,United States
47.80,-122.50,2016-06-09,Traditional Cache,Washington,United States
47.55,-122.32,2016-06-09,Traditional Cache,Washington,United States
47.55,-122.32,2016-06-09,Traditional Cache,Washington,United States
47.55,-122.26,2016-06-09,Traditional Cache,Washington,United States
47.55,-122.32,2016-06-10,Traditional Cache,Washington,United States
48.06,-121.81,2016-06-15,Traditional Cache,Washington,United States
48.07,-121.81,2016-06-15,Traditional Cache,Washington,United States
47.61,-122.35,2016-06-15,Traditional Cache,Washington,United States
48.07,-121.81,2016-06-16,Traditional Cache,Washington,United States
47.62,-122.34,2016-06-17,Traditional Cache,Washington,United States
47.63,-122.37,2016-06-20,Traditional Cache,Washington,United States
45.35,-117.23,2016-07-03,Traditional Cache,Oregon,United States
45.71,-121.51,2016-07-06,Traditional Cache,Oregon,United States
45.71,-121.52,2016-07-06,Traditional Cache,Oregon,United States
45.69,-121.44,2016-07-06,Traditional Cache,Oregon,United States
45.70,-121.48,2016-07-06,Traditional Cache,Oregon,United States
50.12,-122.96,2016-07-15,Traditional Cache,British Columbia,Canada
47.53,-122.16,2016-07-16,Traditional Cache,Washington,United States
47.62,-122.36,2016-07-21,Traditional Cache,Washington,United States
47.62,-122.36,2016-07-21,Traditional Cache,Washington,United States
47.66,-122.38,2016-07-21,Traditional Cache,Washington,United States
47.66,-122.39,2016-07-21,Traditional Cache,Washington,United States
47.66,-122.39,2016-07-21,Traditional Cache,Washington,United States
47.66,-122.40,2016-07-21,Traditional Cache,Washington,United States
47.66,-122.40,2016-07-21,Traditional Cache,Washington,United States
47.67,-122.42,2016-07-25,Traditional Cache,Washington,United States
47.66,-122.43,2016-07-25,Traditional Cache,Washington,United States
47.61,-122.35,2016-07-26,Traditional Cache,Washington,United States
47.67,-122.40,2016-07-27,Traditional Cache,Washington,United States
47.66,-122.42,2016-07-28,Traditional Cache,Washington,United States
47.66,-122.40,2016-07-28,Traditional Cache,Washington,United States
47.66,-122.41,2016-07-28,Traditional Cache,Washington,United States
48.94,-122.67,2016-07-28,Traditional Cache,Washington,United States
48.94,-122.67,2016-07-28,Traditional Cache,Washington,United States
48.94,-122.67,2016-07-28,Traditional Cache,Washington,United States
48.94,-122.66,2016-07-28,Traditional Cache,Washington,United States
48.94,-122.66,2016-07-28,Traditional Cache,Washington,United States
48.93,-122.66,2016-07-28,Traditional Cache,Washington,United States
48.53,-121.43,2016-07-28,Traditional Cache,Washington,United States
48.53,-121.30,2016-07-28,Traditional Cache,Washington,United States
48.54,-121.30,2016-07-29,Traditional Cache,Washington,United States
48.50,-121.21,2016-07-29,Traditional Cache,Washington,United States
48.42,-122.33,2016-07-29,Traditional Cache,Washington,United States
48.73,-122.31,2016-07-29,Traditional Cache,Washington,United States
48.72,-122.30,2016-07-29,Traditional Cache,Washington,United States
47.68,-122.33,2016-08-05,Traditional Cache,Washington,United States
47.68,-122.32,2016-08-05,Traditional Cache,Washington,United States
47.68,-122.36,2016-08-05,Traditional Cache,Washington,United States
47.53,-121.82,2016-08-28,Traditional Cache,Washington,United States
47.53,-121.83,2016-08-29,Traditional Cache,Washington,United States
47.63,-122.39,2016-08-31,Traditional Cache,Washington,United States
35.69,-105.93,2016-09-04,Traditional Cache,New Mexico,United States
35.69,-105.94,2016-09-04,Traditional Cache,New Mexico,United States
35.68,-105.94,2016-09-04,Traditional Cache,New Mexico,United States
35.68,-105.94,2016-09-07,Traditional Cache,New Mexico,United States
36.33,-106.63,2016-09-07,Traditional Cache,New Mexico,United States
35.68,-105.94,2016-09-07,Virtual Cache,New Mexico,United States
35.69,-105.93,2016-09-07,Virtual Cache,New Mexico,United States
36.36,-106.52,2016-09-07,Virtual Cache,New Mexico,United States
36.36,-106.53,2016-09-08,Earthcache,New Mexico,United States
39.53,-119.78,2016-09-15,Traditional Cache,Nevada,United States
39.57,-119.79,2016-09-16,Traditional Cache,Nevada,United States
39.79,-120.08,2016-09-16,Traditional Cache,California,United States
39.79,-120.11,2016-09-16,Traditional Cache,California,United States
39.80,-120.14,2016-09-16,Traditional Cache,California,United States
39.82,-120.13,2016-09-16,Traditional Cache,California,United States
39.82,-120.13,2016-09-16,Traditional Cache,California,United States
39.57,-119.80,2016-09-16,Earthcache,Nevada,United States
39.53,-119.74,2016-09-17,Traditional Cache,Nevada,United States
47.63,-122.37,2016-09-29,Traditional Cache,Washington,United States
47.68,-122.41,2016-10-12,Traditional Cache,Washington,United States
47.66,-122.40,2016-10-25,Traditional Cache,Washington,United States
47.66,-122.39,2016-10-25,Traditional Cache,Washington,United States
47.67,-122.40,2016-10-26,Traditional Cache,Washington,United States
47.61,-122.32,2016-11-03,Traditional Cache,Washington,United States
47.61,-122.32,2016-11-03,Traditional Cache,Washington,United States
47.61,-122.33,2016-11-03,Traditional Cache,Washington,United States
40.76,-111.90,2016-11-08,Traditional Cache,Utah,United States
40.76,-111.90,2016-11-08,Traditional Cache,Utah,United States
38.57,-109.57,2016-11-10,Traditional Cache,Utah,United States
38.33,-111.36,2016-11-11,Traditional Cache,Utah,United States
36.14,-115.16,2016-11-15,Traditional Cache,Nevada,United States
47.68,-122.40,2016-11-17,Traditional Cache,Washington,United States
47.67,-122.40,2016-11-30,Multi-cache,Washington,United States
47.68,-122.35,2016-11-30,Traditional Cache,Washington,United States
47.67,-122.38,2016-12-05,Traditional Cache,Washington,United States
47.67,-122.34,2016-12-18,Unknown Cache,Washington,United States
47.67,-122.39,2016-12-18,Traditional Cache,Washington,United States
47.78,-122.33,2016-12-20,Traditional Cache,Washington,United States
47.69,-122.39,2016-12-20,Traditional Cache,Washington,United States
47.68,-122.41,2016-12-21,Traditional Cache,Washington,United States
47.68,-122.38,2016-12-29,Multi-cache,Washington,United States
47.24,-122.50,2017-01-12,Traditional Cache,Washington,United States
47.19,-122.57,2017-01-13,Traditional Cache,Washington,United States
47.19,-122.52,2017-01-13,Traditional Cache,Washington,United States
47.20,-124.19,2017-01-14,Traditional Cache,Washington,United States
47.19,-124.20,2017-01-14,Traditional Cache,Washington,United States
47.18,-124.20,2017-01-15,Traditional Cache,Washington,United States
47.67,-122.38,2017-01-21,Traditional Cache,Washington,United States
47.66,-122.37,2017-02-03,Traditional Cache,Washington,United States
47.62,-122.34,2017-02-05,Traditional Cache,Washington,United States
47.68,-122.40,2017-02-23,Traditional Cache,Washington,United States
47.69,-122.40,2017-02-24,Traditional Cache,Washington,United States
64.26,-21.13,2017-03-01,Wherigo Cache,,Iceland
64.33,-20.12,2017-03-01,Earthcache,,Iceland
64.31,-20.30,2017-03-02,Earthcache,,Iceland
64.70,-20.98,2017-03-02,Earthcache,,Iceland
64.64,-20.56,2017-03-02,Earthcache,,Iceland
64.26,-21.13,2017-03-02,Earthcache,,Iceland
64.66,-21.41,2017-03-02,Earthcache,,Iceland
64.15,-21.93,2017-03-03,Traditional Cache,,Iceland
64.15,-21.91,2017-03-03,Traditional Cache,,Iceland
47.99,-122.40,2017-03-10,Traditional Cache,Washington,United States
47.99,-122.39,2017-03-10,Traditional Cache,Washington,United States
47.57,-122.42,2017-03-16,Traditional Cache,Washington,United States
47.57,-122.41,2017-03-16,Traditional Cache,Washington,United States
47.66,-122.38,2017-03-23,Traditional Cache,Washington,United States
47.66,-122.37,2017-03-23,Traditional Cache,Washington,United States
47.62,-122.29,2017-03-24,Traditional Cache,Washington,United States
47.71,-122.38,2017-03-31,Traditional Cache,Washington,United States
47.71,-122.37,2017-03-31,Traditional Cache,Washington,United States
47.71,-122.37,2017-03-31,Traditional Cache,Washington,United States
47.17,-122.56,2017-04-20,Traditional Cache,Washington,United States
47.17,-122.56,2017-04-20,Traditional Cache,Washington,United States
47.18,-122.55,2017-04-20,Traditional Cache,Washington,United States
48.08,-121.93,2017-04-21,Traditional Cache,Washington,United States
48.09,-121.93,2017-04-21,Multi-cache,Washington,United States
48.09,-121.93,2017-04-21,Traditional Cache,Washington,United States
48.10,-121.91,2017-04-21,Traditional Cache,Washington,United States
48.11,-121.90,2017-04-21,Traditional Cache,Washington,United States
47.69,-122.38,2017-05-04,Traditional Cache,Washington,United States
47.70,-122.39,2017-05-04,Traditional Cache,Washington,United States
47.69,-122.39,2017-05-04,Traditional Cache,Washington,United States
47.69,-122.39,2017-05-04,Traditional Cache,Washington,United States
47.66,-122.37,2017-05-05,Traditional Cache,Washington,United States
47.66,-122.36,2017-05-05,Traditional Cache,Washington,United States
47.69,-122.39,2017-05-07,Multi-cache,Washington,United States
47.68,-122.37,2017-05-11,Traditional Cache,Washington,United States
47.68,-122.37,2017-05-11,Traditional Cache,Washington,United States
47.69,-122.37,2017-05-11,Traditional Cache,Washington,United States
47.69,-122.37,2017-05-11,Traditional Cache,Washington,United States
47.69,-122.38,2017-05-12,Traditional Cache,Washington,United States
47.65,-122.35,2017-05-12,Unknown Cache,Washington,United States
47.65,-122.35,2017-05-12,Traditional Cache,Washington,United States
47.65,-122.36,2017-05-12,Traditional Cache,Washington,United States
47.65,-122.36,2017-05-12,Traditional Cache,Washington,United States
47.65,-122.35,2017-05-12,Traditional Cache,Washington,United States
47.61,-122.34,2017-05-13,Traditional Cache,Washington,United States
47.65,-122.35,2017-05-18,Multi-cache,Washington,United States
47.65,-122.35,2017-05-18,Unknown Cache,Washington,United States
47.65,-122.35,2017-05-18,Multi-cache,Washington,United States
47.65,-122.35,2017-05-18,Traditional Cache,Washington,United States
47.65,-122.35,2017-05-18,Traditional Cache,Washington,United States
47.65,-122.34,2017-05-18,Letterbox Hybrid,Washington,United States
47.66,-122.41,2017-05-26,Unknown Cache,Washington,United States
47.66,-122.43,2017-05-26,Earthcache,Washington,United States
47.66,-122.36,2017-05-28,Traditional Cache,Washington,United States
47.62,-122.35,2017-06-02,Traditional Cache,Washington,United States
47.62,-122.35,2017-06-02,Traditional Cache,Washington,United States
47.62,-122.35,2017-06-02,Traditional Cache,Washington,United States
47.63,-122.35,2017-06-02,Traditional Cache,Washington,United States
47.61,-122.35,2017-06-02,Traditional Cache,Washington,United States
47.60,-122.33,2017-06-02,Traditional Cache,Washington,United States
47.69,-122.40,2017-06-08,Unknown Cache,Washington,United States
47.70,-122.40,2017-06-14,Traditional Cache,Washington,United States
47.69,-122.37,2017-06-14,Unknown Cache,Washington,United States
47.69,-122.37,2017-06-14,Traditional Cache,Washington,United States
47.69,-122.36,2017-06-14,Traditional Cache,Washington,United States
47.69,-122.36,2017-06-14,Traditional Cache,Washington,United States
47.70,-122.36,2017-06-14,Traditional Cache,Washington,United States
47.60,-122.33,2017-06-16,Traditional Cache,Washington,United States
47.60,-122.33,2017-06-16,Traditional Cache,Washington,United States
47.61,-122.33,2017-06-16,Traditional Cache,Washington,United States
47.61,-122.34,2017-06-16,Unknown Cache,Washington,United States
47.67,-122.39,2017-06-18,Unknown Cache,Washington,United States
47.66,-122.36,2017-06-21,Traditional Cache,Washington,United States
47.66,-122.36,2017-06-21,Traditional Cache,Washington,United States
47.66,-122.36,2017-06-21,Traditional Cache,Washington,United States
47.67,-122.35,2017-06-21,Traditional Cache,Washington,United States
47.67,-122.35,2017-06-21,Traditional Cache,Washington,United States
47.67,-122.35,2017-06-21,Traditional Cache,Washington,United States
47.66,-122.35,2017-06-21,Traditional Cache,Washington,United States
47.65,-122.30,2017-06-23,Traditional Cache,Washington,United States
47.65,-122.30,2017-06-23,Traditional Cache,Washington,United States
47.66,-122.31,2017-06-23,Earthcache,Washington,United States
47.62,-122.19,2017-06-27,Traditional Cache,Washington,United States
47.62,-122.20,2017-06-27,Traditional Cache,Washington,United States
47.66,-122.34,2017-06-28,Traditional Cache,Washington,United States
47.66,-122.29,2017-06-29,Traditional Cache,Washington,United States
47.66,-122.30,2017-06-29,Traditional Cache,Washington,United States
47.65,-122.30,2017-06-29,Traditional Cache,Washington,United States
47.66,-122.29,2017-06-29,Traditional Cache,Washington,United States
47.66,-122.30,2017-06-30,Traditional Cache,Washington,United States
47.66,-122.30,2017-06-30,Traditional Cache,Washington,United States
47.67,-122.31,2017-06-30,Traditional Cache,Washington,United States
47.67,-122.30,2017-06-30,Traditional Cache,Washington,United States
47.64,-122.29,2017-07-03,Traditional Cache,Washington,United States
47.65,-122.29,2017-07-03,Traditional Cache,Washington,United States
47.64,-122.30,2017-07-05,Traditional Cache,Washington,United States
47.64,-122.30,2017-07-05,Traditional Cache,Washington,United States
47.64,-122.30,2017-07-06,Traditional Cache,Washington,United States
47.63,-122.29,2017-07-07,Traditional Cache,Washington,United States
47.63,-122.29,2017-07-07,Traditional Cache,Washington,United States
47.63,-122.30,2017-07-07,Traditional Cache,Washington,United States
47.65,-122.30,2017-07-08,Multi-cache,Washington,United States
51.48,-0.00,2017-07-13,Virtual Cache,London,United Kingdom
51.48,-0.01,2017-07-13,Earthcache,London,United Kingdom
51.48,-0.17,2017-07-13,Traditional Cache,London,United Kingdom
51.48,-0.17,2017-07-13,Traditional Cache,London,United Kingdom
51.48,-0.16,2017-07-13,Traditional Cache,London,United Kingdom
51.48,-0.16,2017-07-13,Traditional Cache,London,United Kingdom
51.48,-0.16,2017-07-13,Traditional Cache,London,United Kingdom
51.49,-0.17,2017-07-13,Traditional Cache,London,United Kingdom
51.49,-0.16,2017-07-14,Traditional Cache,London,United Kingdom
51.50,-0.17,2017-07-15,Earthcache,London,United Kingdom
53.96,-1.08,2017-07-16,Earthcache,Yorkshire,United Kingdom
53.96,-1.08,2017-07-17,Virtual Cache,Yorkshire,United Kingdom
53.96,-1.08,2017-07-17,Traditional Cache,Yorkshire,United Kingdom
53.96,-1.08,2017-07-17,Traditional Cache,Yorkshire,United Kingdom
53.96,-1.08,2017-07-17,Traditional Cache,Yorkshire,United Kingdom
54.49,-0.61,2017-07-17,Earthcache,Yorkshire,United Kingdom
54.49,-0.61,2017-07-18,Traditional Cache,Yorkshire,United Kingdom
53.24,-0.54,2017-07-18,Traditional Cache,East Midlands,United Kingdom
53.34,-6.27,2017-07-19,Earthcache,Dublin,Ireland
53.34,-6.28,2017-07-21,Traditional Cache,Dublin,Ireland
53.34,-6.29,2017-07-21,Traditional Cache,Leinster,Ireland
53.34,-6.28,2017-07-21,Traditional Cache,Dublin,Ireland
53.34,-6.26,2017-07-21,Traditional Cache,Dublin,Ireland
53.35,-6.26,2017-07-21,Traditional Cache,Leinster,Ireland
53.35,-6.27,2017-07-21,Traditional Cache,Dublin,Ireland
53.01,-6.35,2017-07-23,Earthcache,Leinster,Ireland
53.01,-6.33,2017-07-23,Earthcache,Leinster,Ireland
53.01,-6.32,2017-07-23,Traditional Cache,Leinster,Ireland
53.34,-6.26,2017-07-24,Traditional Cache,Dublin,Ireland
47.66,-122.37,2017-07-27,Traditional Cache,Washington,United States
47.63,-122.36,2017-08-06,Traditional Cache,Washington,United States
47.63,-122.36,2017-08-06,Traditional Cache,Washington,United States
47.64,-122.35,2017-08-06,Traditional Cache,Washington,United States
47.61,-122.34,2017-08-07,Traditional Cache,Washington,United States
47.61,-122.19,2017-08-11,Traditional Cache,Washington,United States
47.63,-122.28,2017-08-15,Traditional Cache,Washington,United States
47.64,-122.29,2017-08-15,Traditional Cache,Washington,United States
47.64,-122.29,2017-08-15,Traditional Cache,Washington,United States
39.52,-119.81,2017-08-16,Traditional Cache,Nevada,United States
39.52,-119.81,2017-08-16,Traditional Cache,Nevada,United States
39.53,-119.82,2017-08-16,Traditional Cache,Nevada,United States
39.53,-119.82,2017-08-16,Traditional Cache,Nevada,United States
39.53,-119.81,2017-08-16,Traditional Cache,Nevada,United States
39.47,-119.79,2017-08-16,Traditional Cache,Nevada,United States
39.47,-119.79,2017-08-16,Traditional Cache,Nevada,United States
39.55,-119.83,2017-08-17,Traditional Cache,Nevada,United States
39.55,-119.83,2017-08-17,Traditional Cache,Nevada,United States
39.56,-119.83,2017-08-17,Traditional Cache,Nevada,United States
47.66,-122.34,2017-08-22,Traditional Cache,Washington,United States
47.65,-122.35,2017-09-01,Traditional Cache,Washington,United States
47.78,-120.03,2017-09-15,Traditional Cache,Washington,United States
47.60,-120.66,2017-09-16,Webcam Cache,Washington,United States
47.59,-120.66,2017-09-17,Traditional Cache,Washington,United States
47.59,-120.67,2017-09-17,Traditional Cache,Washington,United States
47.59,-120.66,2017-09-17,Traditional Cache,Washington,United States
47.59,-120.67,2017-09-17,Traditional Cache,Washington,United States
47.71,-122.38,2017-09-28,Traditional Cache,Washington,United States
47.70,-122.36,2017-09-28,Traditional Cache,Washington,United States
47.70,-122.36,2017-09-28,Traditional Cache,Washington,United States
47.71,-122.37,2017-09-28,Traditional Cache,Washington,United States
47.71,-122.38,2017-09-28,Traditional Cache,Washington,United States
47.69,-122.37,2017-09-28,Traditional Cache,Washington,United States
48.70,-121.11,2017-10-07,Earthcache,Washington,United States
48.71,-121.10,2017-10-07,Earthcache,Washington,United States
48.73,-121.04,2017-10-07,Earthcache,Washington,United States
47.73,-122.35,2017-10-25,Traditional Cache,Washington,United States
47.72,-122.34,2017-10-25,Traditional Cache,Washington,United States
47.72,-122.35,2017-10-25,Traditional Cache,Washington,United States
47.61,-122.34,2017-10-31,Multi-cache,Washington,United States
47.61,-122.34,2017-11-09,Virtual Cache,Washington,United States
47.79,-122.36,2017-11-24,Unknown Cache,Washington,United States
47.81,-122.37,2017-11-24,Traditional Cache,Washington,United States
47.81,-122.38,2017-11-24,Traditional Cache,Washington,United States
47.81,-122.38,2017-11-24,Traditional Cache,Washington,United States
47.81,-122.38,2017-11-24,Traditional Cache,Washington,United States
47.81,-122.38,2017-11-24,Traditional Cache,Washington,United States
47.82,-122.38,2017-11-24,Traditional Cache,Washington,United States
47.48,-122.30,2017-11-29,Traditional Cache,Washington,United States
47.65,-122.37,2017-12-05,Traditional Cache,Washington,United States
48.74,-122.47,2017-12-09,Traditional Cache,Washington,United States
48.75,-122.48,2017-12-09,Traditional Cache,Washington,United States
48.75,-122.48,2017-12-09,Traditional Cache,Washington,United States
48.75,-122.48,2017-12-10,Traditional Cache,Washington,United States
48.74,-122.48,2017-12-10,Traditional Cache,Washington,United States
48.74,-122.49,2017-12-10,Traditional Cache,Washington,United States
48.75,-122.49,2017-12-10,Traditional Cache,Washington,United States
47.83,-122.27,2017-12-31,Traditional Cache,Washington,United States
47.67,-122.40,2018-01-01,Traditional Cache,Washington,United States
47.66,-122.34,2018-01-01,Traditional Cache,Washington,United States
47.77,-122.33,2018-01-01,Traditional Cache,Washington,United States
47.63,-122.38,2018-01-01,Unknown Cache,Washington,United States
47.67,-122.38,2018-01-27,Event Cache,Washington,United States
47.65,-122.38,2018-01-28,Unknown Cache,Washington,United States
47.69,-122.36,2018-02-12,Traditional Cache,Washington,United States
47.68,-122.35,2018-02-12,Traditional Cache,Washington,United States
47.68,-122.35,2018-02-12,Traditional Cache,Washington,United States
47.61,-122.19,2018-02-19,Traditional Cache,Washington,United States
47.68,-122.38,2018-02-25,Traditional Cache,Washington,United States
48.73,-122.51,2018-03-10,Traditional Cache,Washington,United States
48.73,-122.50,2018-03-10,Traditional Cache,Washington,United States
48.74,-122.47,2018-03-11,Traditional Cache,Washington,United States
48.65,-122.49,2018-03-11,Traditional Cache,Washington,United States
48.21,-122.73,2018-03-11,Traditional Cache,Washington,United States
48.21,-122.73,2018-03-11,Traditional Cache,Washington,United States
48.21,-122.72,2018-03-11,Traditional Cache,Washington,United States
48.21,-122.72,2018-03-11,Traditional Cache,Washington,United States
48.21,-122.72,2018-03-11,Traditional Cache,Washington,United States
48.21,-122.72,2018-03-11,Traditional Cache,Washington,United States
48.21,-122.71,2018-03-11,Traditional Cache,Washington,United States
48.21,-122.71,2018-03-11,Traditional Cache,Washington,United States
48.21,-122.71,2018-03-11,Traditional Cache,Washington,United States
48.21,-122.71,2018-03-11,Traditional Cache,Washington,United States
48.21,-122.70,2018-03-11,Traditional Cache,Washington,United States
48.21,-122.70,2018-03-11,Traditional Cache,Washington,United States
48.21,-122.70,2018-03-11,Traditional Cache,Washington,United States
48.21,-122.70,2018-03-11,Traditional Cache,Washington,United States
48.21,-122.69,2018-03-11,Traditional Cache,Washington,United States
48.21,-122.69,2018-03-11,Traditional Cache,Washington,United States
48.21,-122.68,2018-03-11,Traditional Cache,Washington,United States
48.21,-122.68,2018-03-11,Traditional Cache,Washington,United States
48.21,-122.68,2018-03-11,Traditional Cache,Washington,United States
48.21,-122.67,2018-03-11,Traditional Cache,Washington,United States
48.21,-122.67,2018-03-11,Traditional Cache,Washington,United States
48.21,-122.67,2018-03-11,Traditional Cache,Washington,United States
48.21,-122.67,2018-03-11,Traditional Cache,Washington,United States
48.21,-122.67,2018-03-11,Traditional Cache,Washington,United States
48.21,-122.66,2018-03-11,Traditional Cache,Washington,United States
48.21,-122.66,2018-03-11,Traditional Cache,Washington,United States
48.21,-122.66,2018-03-11,Traditional Cache,Washington,United States
48.21,-122.66,2018-03-11,Traditional Cache,Washington,United States
48.21,-122.65,2018-03-11,Traditional Cache,Washington,United States
48.21,-122.65,2018-03-11,Traditional Cache,Washington,United States
48.40,-122.66,2018-03-11,Traditional Cache,Washington,United States
47.98,-122.35,2018-03-11,Traditional Cache,Washington,United States
47.65,-122.36,2018-03-17,Traditional Cache,Washington,United States
47.64,-122.36,2018-03-17,Traditional Cache,Washington,United States
47.64,-122.36,2018-03-17,Traditional Cache,Washington,United States
47.64,-122.35,2018-03-17,Traditional Cache,Washington,United States
35.60,-106.05,2018-03-21,Traditional Cache,New Mexico,United States
35.68,-105.94,2018-03-22,Traditional Cache,New Mexico,United States
36.32,-105.70,2018-03-22,Traditional Cache,New Mexico,United States
36.32,-105.70,2018-03-22,Traditional Cache,New Mexico,United States
36.33,-105.71,2018-03-22,Traditional Cache,New Mexico,United States
36.33,-105.71,2018-03-22,Traditional Cache,New Mexico,United States
36.33,-105.71,2018-03-22,Traditional Cache,New Mexico,United States
36.34,-105.72,2018-03-22,Traditional Cache,New Mexico,United States
36.34,-105.72,2018-03-22,Traditional Cache,New Mexico,United States
36.34,-105.72,2018-03-22,Traditional Cache,New Mexico,United States
36.34,-105.72,2018-03-22,Traditional Cache,New Mexico,United States
36.34,-105.72,2018-03-22,Traditional Cache,New Mexico,United States
36.33,-105.71,2018-03-22,Traditional Cache,New Mexico,United States
36.33,-105.71,2018-03-22,Traditional Cache,New Mexico,United States
36.33,-105.71,2018-03-22,Traditional Cache,New Mexico,United States
36.34,-105.72,2018-03-22,Traditional Cache,New Mexico,United States
36.34,-105.71,2018-03-22,Traditional Cache,New Mexico,United States
36.33,-105.71,2018-03-22,Traditional Cache,New Mexico,United States
36.41,-105.57,2018-03-22,Traditional Cache,New Mexico,United States
35.68,-105.95,2018-03-24,Traditional Cache,New Mexico,United States
35.68,-105.95,2018-03-24,Traditional Cache,New Mexico,United States
35.68,-105.95,2018-03-24,Traditional Cache,New Mexico,United States
35.69,-105.93,2018-03-25,Traditional Cache,New Mexico,United States
35.06,-106.62,2018-03-26,Traditional Cache,New Mexico,United States
47.61,-122.33,2018-03-31,Traditional Cache,Washington,United States
47.66,-122.31,2018-04-04,Virtual Cache,Washington,United States
47.69,-122.34,2018-04-13,Traditional Cache,Washington,United States
47.84,-120.02,2018-05-05,Traditional Cache,Washington,United States
47.89,-120.16,2018-05-05,Traditional Cache,Washington,United States
47.89,-120.16,2018-05-05,Traditional Cache,Washington,United States
47.68,-120.21,2018-05-06,Traditional Cache,Washington,United States
47.43,-120.31,2018-05-06,Traditional Cache,Washington,United States
47.43,-120.31,2018-05-06,Traditional Cache,Washington,United States
47.43,-120.31,2018-05-06,Traditional Cache,Washington,United States
47.43,-120.31,2018-05-06,Traditional Cache,Washington,United States
48.65,-122.49,2018-05-12,Traditional Cache,Washington,United States
48.65,-122.49,2018-05-12,Traditional Cache,Washington,United States
48.66,-122.48,2018-05-12,Traditional Cache,Washington,United States
48.66,-122.48,2018-05-12,Traditional Cache,Washington,United States
48.66,-122.47,2018-05-13,Letterbox Hybrid,Washington,United States
48.66,-122.47,2018-05-13,Traditional Cache,Washington,United States
48.65,-122.49,2018-05-13,Traditional Cache,Washington,United States
48.61,-122.43,2018-05-13,Traditional Cache,Washington,United States
48.62,-122.43,2018-05-13,Traditional Cache,Washington,United States
48.62,-122.43,2018-05-13,Traditional Cache,Washington,United States
48.62,-122.42,2018-05-13,Traditional Cache,Washington,United States
48.62,-122.42,2018-05-13,Traditional Cache,Washington,United States
48.63,-122.42,2018-05-13,Traditional Cache,Washington,United States
48.62,-122.41,2018-05-13,Traditional Cache,Washington,United States
48.62,-122.42,2018-05-13,Traditional Cache,Washington,United States
48.61,-122.43,2018-05-13,Traditional Cache,Washington,United States
47.48,-122.05,2018-05-15,Traditional Cache,Washington,United States
47.49,-122.05,2018-05-15,Traditional Cache,Washington,United States
47.49,-122.06,2018-05-15,Traditional Cache,Washington,United States
47.51,-122.05,2018-05-16,Traditional Cache,Washington,United States
47.48,-122.06,2018-05-16,Traditional Cache,Washington,United States
47.48,-122.31,2018-06-06,Traditional Cache,Washington,United States
45.33,-121.71,2018-06-22,Traditional Cache,Oregon,United States
45.33,-121.71,2018-06-22,Virtual Cache,Oregon,United States
45.71,-121.52,2018-06-23,Traditional Cache,Oregon,United States
45.71,-121.52,2018-06-23,Traditional Cache,Oregon,United States
45.69,-121.42,2018-06-23,Traditional Cache,Oregon,United States
45.71,-121.50,2018-06-24,Traditional Cache,Oregon,United States
45.71,-121.51,2018-06-24,Traditional Cache,Oregon,United States
47.76,-122.35,2018-07-01,Traditional Cache,Washington,United States
47.61,-122.34,2018-09-18,Traditional Cache,Washington,United States
47.67,-122.39,2018-09-25,Traditional Cache,Washington,United States
51.48,-0.19,2018-09-27,Traditional Cache,London,United Kingdom
51.48,-0.15,2018-09-28,Traditional Cache,London,United Kingdom
51.51,-0.09,2018-09-28,Earthcache,London,United Kingdom
51.51,-0.09,2018-09-29,Traditional Cache,London,United Kingdom
51.47,-0.18,2018-09-30,Traditional Cache,London,United Kingdom
51.47,-0.18,2018-10-01,Traditional Cache,London,United Kingdom
51.48,-0.18,2018-10-01,Traditional Cache,London,United Kingdom
51.48,-0.18,2018-10-01,Traditional Cache,London,United Kingdom
51.48,-0.17,2018-10-01,Traditional Cache,London,United Kingdom
43.84,10.51,2018-10-02,Traditional Cache,Toscana,Italy
43.84,10.51,2018-10-02,Traditional Cache,Toscana,Italy
43.77,11.25,2018-10-03,Traditional Cache,Toscana,Italy
43.72,10.40,2018-10-04,Virtual Cache,Toscana,Italy
51.44,-0.32,2018-10-05,Traditional Cache,London,United Kingdom
51.44,-0.33,2018-10-05,Traditional Cache,London,United Kingdom
51.44,-0.33,2018-10-06,Traditional Cache,London,United Kingdom
51.53,-0.13,2018-10-06,Multi-cache,London,United Kingdom
47.69,-122.39,2018-10-13,Traditional Cache,Washington,United States
47.69,-122.38,2018-10-13,Traditional Cache,Washington,United States
43.72,10.40,2018-10-14,Earthcache,Toscana,Italy
47.67,-122.38,2018-10-19,Multi-cache,Washington,United States
47.22,-121.00,2018-10-22,Traditional Cache,Washington,United States
47.46,-121.21,2018-10-22,Traditional Cache,Washington,United States
47.54,-121.84,2018-10-23,Traditional Cache,Washington,United States
48.01,-122.41,2018-10-28,Traditional Cache,Washington,United States
48.01,-122.41,2018-10-28,Traditional Cache,Washington,United States
48.01,-122.40,2018-10-28,Traditional Cache,Washington,United States
48.01,-122.41,2018-10-28,Traditional Cache,Washington,United States
48.01,-122.40,2018-10-28,Traditional Cache,Washington,United States
47.63,-122.34,2018-10-29,Traditional Cache,Washington,United States
47.65,-122.35,2018-10-30,Virtual Cache,Washington,United States
47.67,-122.39,2018-12-14,Traditional Cache,Washington,United States
47.66,-122.38,2018-12-31,Traditional Cache,Washington,United States
47.66,-122.38,2019-01-01,Multi-cache,Washington,United States
47.61,-122.34,2019-01-04,Traditional Cache,Washington,United States
47.61,-122.34,2019-01-26,Virtual Cache,Washington,United States
47.95,-122.30,2019-03-23,Traditional Cache,Washington,United States
48.42,-122.66,2019-03-23,Traditional Cache,Washington,United States
47.61,-122.34,2019-03-28,Event Cache,Washington,United States
47.49,-122.28,2019-03-30,Traditional Cache,Washington,United States
47.49,-122.28,2019-03-30,Traditional Cache,Washington,United States
47.49,-122.28,2019-03-30,Traditional Cache,Washington,United States
47.49,-122.27,2019-04-20,Cache In Trash Out Event,Washington,United States
47.65,-122.35,2019-04-25,Traditional Cache,Washington,United States
47.65,-122.35,2019-04-25,Traditional Cache,Washington,United States
47.61,-122.34,2019-05-08,Event Cache,Washington,United States
47.49,-122.27,2019-05-08,Traditional Cache,Washington,United States
47.49,-122.27,2019-05-08,Traditional Cache,Washington,United States
34.04,-118.71,2019-05-26,Traditional Cache,California,United States
47.67,-122.40,2019-06-02,Traditional Cache,Washington,United States
45.36,-117.23,2019-06-08,Traditional Cache,Oregon,United States
45.28,-117.21,2019-06-08,Traditional Cache,Oregon,United States
45.29,-117.22,2019-06-08,Traditional Cache,Oregon,United States
45.67,-121.90,2019-06-10,Traditional Cache,Oregon,United States
45.67,-121.90,2019-06-10,Traditional Cache,Oregon,United States
47.67,-122.34,2019-06-21,Traditional Cache,Washington,United States
47.67,-122.34,2019-06-22,Traditional Cache,Washington,United States
-8.52,115.26,2019-08-29,Traditional Cache,,Indonesia
-8.51,115.26,2019-08-29,Traditional Cache,,Indonesia
-8.51,115.26,2019-08-29,Traditional Cache,,Indonesia
-8.51,115.57,2019-09-01,Traditional Cache,,Indonesia
47.40,-122.33,2019-09-09,Traditional Cache,Washington,United States
47.40,-122.33,2019-10-26,Traditional Cache,Washington,United States
47.42,-122.31,2019-10-27,Multi-cache,Washington,United States
47.40,-122.33,2019-10-27,Traditional Cache,Washington,United States
47.40,-122.33,2019-10-27,Traditional Cache,Washington,United States
47.40,-122.33,2019-10-27,Traditional Cache,Washington,United States
47.53,-122.32,2019-11-23,Traditional Cache,Washington,United States
47.53,-122.32,2019-11-23,Traditional Cache,Washington,United States
47.41,-122.34,2019-11-29,Multi-cache,Washington,United States
47.61,-122.34,2019-12-19,Event Cache,Washington,United States
47.62,-122.36,2019-12-31,Traditional Cache,Washington,United States
47.62,-122.35,2019-12-31,Traditional Cache,Washington,United States
-33.88,151.26,2020-01-02,Traditional Cache,New South Wales,Australia
-45.87,170.50,2020-01-08,Traditional Cache,South Island,New Zealand
-37.63,176.18,2020-01-13,Traditional Cache,North Island,New Zealand
-37.63,176.19,2020-01-13,Traditional Cache,North Island,New Zealand
-37.63,176.17,2020-01-13,Traditional Cache,North Island,New Zealand
-35.28,174.09,2020-01-15,Traditional Cache,North Island,New Zealand
48.04,-122.41,2020-03-07,Traditional Cache,Washington,United States
47.98,-122.51,2020-03-07,Traditional Cache,Washington,United States
48.02,-122.53,2020-03-07,Traditional Cache,Washington,United States
47.41,-122.31,2020-06-06,Traditional Cache,Washington,United States
47.43,-122.33,2020-06-21,Traditional Cache,Washington,United States
48.02,-121.35,2020-06-27,Traditional Cache,Washington,United States
47.73,-122.15,2020-10-25,Traditional Cache,Washington,United States
47.48,-122.30,2020-10-26,Traditional Cache,Washington,United States
47.43,-122.34,2020-11-28,Traditional Cache,Washington,United States
47.43,-122.35,2020-11-28,Traditional Cache,Washington,United States
47.45,-122.34,2021-01-18,Traditional Cache,Washington,United States
47.30,-122.33,2021-02-27,Traditional Cache,Washington,United States
47.63,-122.33,2021-03-17,Traditional Cache,Washington,United States
48.00,-122.44,2021-03-26,Traditional Cache,Washington,United States
45.69,-121.46,2021-04-02,Traditional Cache,Oregon,United States
45.70,-121.49,2021-04-02,Traditional Cache,Oregon,United States
47.42,-122.34,2021-05-21,Traditional Cache,Washington,United States
47.40,-122.33,2021-05-26,Traditional Cache,Washington,United States
47.42,-122.34,2021-05-27,Traditional Cache,Washington,United States
47.44,-122.34,2021-06-05,Traditional Cache,Washington,United States
45.66,-121.90,2021-07-11,Traditional Cache,Oregon,United States
44.66,-124.06,2021-07-14,Multi-cache,Oregon,United States
44.75,-124.06,2021-07-14,Traditional Cache,Oregon,United States
44.68,-124.08,2021-07-15,Earthcache,Oregon,United States
47.17,-122.60,2021-07-18,Traditional Cache,Washington,United States
47.21,-122.57,2021-08-07,Traditional Cache,Washington,United States
47.21,-122.58,2021-08-07,Traditional Cache,Washington,United States
47.20,-122.58,2021-08-07,Traditional Cache,Washington,United States
47.94,-124.65,2021-08-09,Earthcache,Washington,United States
51.41,-116.24,2021-09-21,Virtual Cache,Alberta,Canada
52.88,-118.08,2021-09-23,Traditional Cache,Alberta,Canada
52.88,-118.08,2021-09-23,Traditional Cache,Alberta,Canada
52.88,-118.08,2021-09-23,Traditional Cache,Alberta,Canada
51.42,-116.22,2021-09-24,Virtual Cache,Alberta,Canada
51.17,-115.56,2021-09-25,Traditional Cache,Alberta,Canada
51.42,-116.22,2021-10-09,Earthcache,Alberta,Canada
47.18,-122.56,2021-10-16,Traditional Cache,Washington,United States
45.70,-121.39,2022-03-26,Traditional Cache,Washington,United States
45.66,-121.87,2022-03-27,Traditional Cache,Oregon,United States
51.47,-112.71,2022-05-19,Virtual Cache,Alberta,Canada
50.13,-122.93,2022-07-14,Traditional Cache,British Columbia,Canada
50.13,-122.94,2022-07-14,Traditional Cache,British Columbia,Canada
50.10,-123.00,2022-07-16,Traditional Cache,British Columbia,Canada
50.09,-123.00,2022-07-16,Traditional Cache,British Columbia,Canada
50.10,-122.99,2022-07-16,Traditional Cache,British Columbia,Canada
51.09,-115.36,2022-09-20,Traditional Cache,Alberta,Canada
51.08,-115.35,2022-09-21,Traditional Cache,Alberta,Canada
52.87,-118.08,2022-09-24,Traditional Cache,Alberta,Canada
45.87,-123.96,2023-01-25,Multi-cache,Oregon,United States
50.09,-122.90,2023-07-16,Traditional Cache,British Columbia,Canada
50.11,-122.94,2023-07-16,Traditional Cache,British Columbia,Canada
48.73,-122.51,2023-07-18,Traditional Cache,Washington,United States
46.60,-121.68,2023-08-12,Traditional Cache,Washington,United States
46.61,-121.67,2023-08-12,Traditional Cache,Washington,United States
48.94,-125.56,2023-09-18,Traditional Cache,British Columbia,Canada
48.94,-125.56,2023-09-18,Traditional Cache,British Columbia,Canada
48.92,-125.54,2023-09-19,Virtual Cache,British Columbia,Canada
48.99,-123.82,2023-09-21,Traditional Cache,British Columbia,Canada
49.32,-124.27,2023-09-22,Traditional Cache,British Columbia,Canada
51.18,-115.57,2023-09-27,Traditional Cache,Alberta,Canada
52.89,-118.08,2023-09-27,Traditional Cache,Alberta,Canada
52.88,-118.08,2023-09-27,Traditional Cache,Alberta,Canada
52.87,-118.09,2023-09-27,Traditional Cache,Alberta,Canada
52.88,-118.08,2023-09-28,Multi-cache,Alberta,Canada
53.24,-117.79,2023-09-28,Traditional Cache,Alberta,Canada
53.09,-118.02,2023-09-28,Traditional Cache,Alberta,Canada
52.93,-118.10,2023-09-29,Earthcache,Alberta,Canada
51.33,-116.18,2023-09-30,Earthcache,Alberta,Canada
45.89,-123.96,2023-12-30,Traditional Cache,Oregon,United States
44.81,-124.06,2023-12-31,Traditional Cache,Oregon,United States
44.81,-124.06,2023-12-31,Traditional Cache,Oregon,United States
57.88,-133.18,2024-05-13,Earthcache,Alaska,United States
58.30,-134.40,2024-05-13,Unknown Cache,Alaska,United States
58.84,-137.11,2024-05-15,Earthcache,Alaska,United States
55.34,-131.65,2024-05-16,Traditional Cache,Alaska,United States
55.34,-131.65,2024-05-16,Traditional Cache,Alaska,United States
55.34,-131.64,2024-05-16,Traditional Cache,Alaska,United States
55.34,-131.65,2024-05-16,Virtual Cache,Alaska,United States
48.75,-122.49,2024-05-18,Traditional Cache,Washington,United States
48.75,-122.49,2024-05-18,Virtual Cache,Washington,United States
45.45,12.33,2024-07-04,Traditional Cache,Veneto,Italy
44.11,15.23,2024-07-06,Traditional Cache,,Croatia
43.51,16.44,2024-07-07,Virtual Cache,,Croatia
42.49,18.69,2024-07-08,Traditional Cache,,Montenegro
39.75,20.02,2024-07-09,Traditional Cache,,Albania
39.75,20.02,2024-07-09,Traditional Cache,,Albania
49.05,-123.38,2024-08-29,Earthcache,British Columbia,Canada
47.40,-122.33,2024-10-13,Traditional Cache,Washington,United States
24.58,-75.95,2025-03-02,Traditional Cache,,Bahamas
18.33,-64.91,2025-03-04,Traditional Cache,,US Virgin Islands
18.33,-64.92,2025-03-04,Traditional Cache,,US Virgin Islands
17.12,-61.85,2025-03-05,Virtual Cache,,Antigua and Barbuda
16.24,-61.54,2025-03-06,Traditional Cache,,Guadeloupe
17.13,-62.63,2025-03-08,Traditional Cache,,Saint Kitts and Nevis
17.29,-62.72,2025-03-08,Traditional Cache,,Saint Kitts and Nevis
18.02,-63.04,2025-03-09,Traditional Cache,,Sint Maarten
26.14,-80.10,2025-03-12,Earthcache,Florida,United States
48.99,-122.77,2025-05-30,Traditional Cache,Washington,United States
48.99,-122.77,2025-05-30,Traditional Cache,Washington,United States
48.99,-122.77,2025-05-30,Traditional Cache,Washington,United States
48.99,-122.78,2025-05-31,Traditional Cache,Washington,United States
42.91,-122.14,2025-06-22,Virtual Cache,Oregon,United States
42.90,-122.14,2025-06-23,Virtual Cache,Oregon,United States
20.60,-87.10,2025-07-19,Earthcache,Quintana Roo,Mexico
47.44,-120.31,2025-07-27,Traditional Cache,Washington,United States
47.43,-120.31,2025-07-27,Virtual Cache,Washington,United States
47.11,-122.05,2025-08-10,Traditional Cache,Washington,United States
45.71,-121.50,2025-09-27,Traditional Cache,Oregon,United States
45.71,-121.51,2025-09-27,Traditional Cache,Oregon,United States
21.43,-71.14,2025-12-01,Virtual Cache,,Turks and Caicos Islands
21.43,-71.14,2025-12-02,Earthcache,,Turks and Caicos Islands
19.83,-70.77,2025-12-03,Earthcache,,Dominican Republic
12.11,-68.94,2025-12-04,Traditional Cache,,Curaçao
12.15,-68.28,2025-12-05,Event Cache,Bonaire,"Bonaire, Sint Eustatius and Saba"
12.52,-70.04,2025-12-06,Virtual Cache,,Aruba
24.55,-81.80,2025-12-10,Virtual Cache,Florida,United States
24.63,-82.87,2025-12-11,Earthcache,Florida,United States
24.63,-82.87,2025-12-11,Earthcache,Florida,United States
24.56,-81.80,2025-12-11,Traditional Cache,Florida,United States
24.63,-82.87,2025-12-12,Earthcache,Florida,United States
24.63,-82.87,2025-12-12,Earthcache,Florida,United States
24.63,-82.87,2025-12-12,Earthcache,Florida,United States
24.63,-82.87,2025-12-12,Earthcache,Florida,United States
47.64,-122.52,2026-02-10,Traditional Cache,Washington,United States
47.64,-122.52,2026-02-10,Virtual Cache,Washington,United States
49.29,-123.12,2026-02-16,Traditional Cache,British Columbia,Canada
46.98,-123.60,2026-03-27,Traditional Cache,Washington,United States
46.98,-123.60,2026-03-27,Multi-cache,Washington,United States
47.28,-122.48,2026-04-18,Traditional Cache,Washington,United States
47.34,-122.51,2026-04-25,Traditional Cache,Washington,United States
47.39,-122.38,2026-04-25,Virtual Cache,Washington,United States
47.39,-122.37,2026-04-25,Virtual Cache,Washington,United States
39.78,-104.85,2026-05-07,Traditional Cache,Colorado,United States
49.29,-123.11,2026-05-11,Traditional Cache,British Columbia,Canada
49.30,-123.13,2026-05-11,Traditional Cache,British Columbia,Canada
19.82,-155.47,2026-05-16,Earthcache,Hawaii,United States
19.94,-155.87,2026-05-17,Traditional Cache,Hawaii,United States
34.87,-111.78,2026-06-19,Traditional Cache,Arizona,United States
52.37,4.90,2026-07-11,Traditional Cache,Noord-Holland,Netherlands
52.37,4.90,2026-07-11,Traditional Cache,Noord-Holland,Netherlands
52.36,4.89,2026-07-14,Traditional Cache,Noord-Holland,Netherlands
52.38,4.89,2026-07-14,Traditional Cache,Noord-Holland,Netherlands
52.37,4.88,2026-07-14,Traditional Cache,Noord-Holland,Netherlands
51.48,-0.17,2026-07-16,Traditional Cache,London,United Kingdom
51.48,-0.15,2026-07-16,Traditional Cache,London,United Kingdom
51.48,-0.16,2026-07-23,Traditional Cache,London,United Kingdom
47.19,-122.56,2026-08-16,Traditional Cache,Washington,United States
45.71,-121.52,2026-09-12,Traditional Cache,Oregon,United States
