lat,lon,elev,resid,year,n,state,found1,dmed1,dmin1,found3,dmed3,dmin3,found5,dmed5,dmin5,third,st
35.9623944,-105.6447497,3977.0,589.0,1948.0,1,New Mexico,True,-408.0,-408.0,True,-408.0,-408.0,True,-459.0,-592.0,high,New Mexico
36.1667,-105.6667,2492.0,-821.0,1919.0,2,New Mexico,False,,,False,,,False,,,low,New Mexico
36.48666,-118.21855,3353.0,40.0,1911.0,1,California,False,,,True,38.0,37.0,True,47.5,37.0,middle,California
36.48861,-118.20771,3353.0,40.0,1911.0,4,California,False,,,True,38.0,37.0,True,47.5,37.0,middle,California
36.600674,-118.63744,3444.0,131.0,1934.0,1,California,True,-157.0,-157.0,True,-540.0,-543.0,True,-540.0,-1237.0,high,California
36.643712,-118.699017,3048.0,-265.0,1933.0,1,California,False,,,True,-163.0,-163.0,True,-230.0,-838.0,middle,California
36.658459,-118.71453,2888.0,-425.0,1919.0,4,California,True,-3.0,-3.0,True,-3.0,-3.0,True,-3.0,-3.0,low,California
36.772626,-118.403829,3231.0,-82.0,1916.0,8,California,True,11.0,-130.0,True,194.0,-235.0,True,161.5,-246.0,middle,California
36.7703534,-118.3897797,3308.0,-5.0,1941.0,5,California,True,71.5,-41.0,True,117.0,-312.0,True,40.0,-403.0,middle,California
36.76896,-118.35945,3200.0,-113.0,1912.0,17,California,True,-29.0,-121.0,True,61.5,-295.0,True,34.0,-362.0,middle,California
36.771747,-118.339832,2743.0,-570.0,1945.0,2,California,True,237.5,162.0,True,232.0,95.0,True,311.5,95.0,low,California
36.774503,-118.324192,2591.0,-722.0,1912.0,1,California,True,273.0,247.0,True,293.5,247.0,True,385.0,247.0,low,California
36.8035884,-105.477571,3872.0,559.0,1949.0,2,New Mexico,False,,,True,-351.0,-351.0,True,-268.0,-351.0,high,New Mexico
36.9838694,-118.6696557,3212.0,-101.0,1932.0,2,California,False,,,False,,,False,,,middle,California
37.019713,-106.447224,3048.0,-153.5,1903.0,1,Colorado,False,,,False,,,False,,,middle,Colorado
37.091955,-106.734202,3257.0,55.5,1913.0,2,Colorado,False,,,False,,,False,,,middle,Colorado
37.1043207,-118.5263708,4147.0,945.5,1932.0,1,California,False,,,True,-573.5,-682.0,True,-748.0,-1080.0,high,California
37.1149623,-118.5454223,3648.0,446.5,1932.0,1,California,True,-74.5,-183.0,True,-183.0,-374.0,True,-276.5,-402.0,high,California
37.1686,-118.6933,3350.0,148.5,1940.0,2,California,True,-18.0,-18.0,True,86.0,-18.0,True,102.0,-18.0,high,California
37.191227,-118.63247,3124.0,-77.5,1937.0,1,California,False,,,True,-47.0,-346.0,True,-20.5,-346.0,middle,California
37.299135,-105.15143,3505.0,303.5,1934.0,2,Colorado,False,,,False,,,False,,,high,Colorado
37.432159,-118.099737,2515.0,-686.5,1917.0,12,California,False,,,False,,,False,,,low,California
37.442745875,-118.181742125,2941.0,-260.5,1917.0,8,California,True,-26.0,-27.0,True,119.5,-27.0,True,39.0,-27.0,middle,California
37.443616,-107.066989,3807.0,605.5,1912.0,1,Colorado,False,,,False,,,False,,,high,Colorado
37.455138,-108.064873,3200.0,-1.5,1944.0,1,Colorado,True,511.0,511.0,True,416.0,132.0,True,392.0,-124.0,middle,Colorado
37.464702,-106.923897,2552.0,-649.5,1933.0,3,Colorado,False,,,False,,,True,992.0,992.0,low,Colorado
37.48106,-118.18208,3322.5,121.0,1917.0,6,California,False,,,False,,,True,-344.5,-408.5,high,California
37.482499,-106.798337,3505.0,303.5,1933.0,3,Colorado,False,,,True,18.0,-269.0,True,12.0,-391.0,high,Colorado
37.48965,-118.16669,3230.5,29.0,1917.0,4,California,False,,,True,-182.5,-182.5,True,-182.5,-182.5,middle,California
37.5026,-118.20003,3353.0,151.5,1917.0,1,California,False,,,False,,,True,-305.0,-305.0,high,California
37.512564999999995,-118.209845,3467.0,265.5,1917.0,2,California,False,,,False,,,True,-419.0,-419.0,high,California
37.50673,-118.15989,3048.0,-153.5,1917.0,2,California,True,0.0,0.0,True,0.0,0.0,True,0.0,0.0,middle,California
37.52996,-118.21783,3719.0,517.5,1917.0,1,California,False,,,False,,,True,-147.0,-147.0,high,California
37.543048,-109.038721,1854.0,-1347.5,1948.0,1,Colorado,False,,,False,,,False,,,low,Colorado
37.569715,-105.513338,3505.0,303.5,1949.0,1,Colorado,True,79.5,33.0,True,355.5,33.0,True,355.5,33.0,high,Colorado
37.573581,-105.501055,3749.0,547.5,1949.0,1,Colorado,False,,,True,111.5,-211.0,True,111.5,-211.0,high,Colorado
37.57671766666667,-105.496878,3901.0,699.5,1949.0,3,Colorado,True,189.0,189.0,True,-40.5,-363.0,True,-40.5,-363.0,high,Colorado
37.59175,-118.22224,3536.0,334.5,1917.0,2,California,False,,,True,279.0,242.0,True,242.0,36.0,high,California
37.59444,-105.490003,3901.0,699.5,1949.0,1,Colorado,False,,,True,298.0,189.0,True,-40.5,-363.0,high,Colorado
37.6114186,-119.1653668,3375.0,173.5,1932.0,1,California,False,,,True,-455.0,-455.0,True,-455.0,-455.0,high,California
37.608573,-119.033039,2865.0,-336.5,1922.0,1,California,False,,,False,,,True,-100.0,-100.0,middle,California
37.614164,-105.498064,4184.0,982.5,1934.0,2,Colorado,False,,,False,,,True,15.0,-94.0,high,Colorado
37.61517672,-119.0022218,2666.0,-535.5,1922.0,5,California,True,99.0,99.0,True,99.0,99.0,True,216.0,99.0,low,California
37.62909,-118.25834,3962.0,760.5,1917.0,1,California,True,292.5,233.0,True,292.5,233.0,True,233.0,-110.0,high,California
37.680986,-112.831211,3445.0,243.5,1939.0,1,Utah,True,-11.0,-23.0,True,-85.0,-123.0,True,-123.0,-232.0,high,Utah
37.717984,-119.373384,2377.0,-824.5,1915.0,1,California,False,,,False,,,True,675.0,675.0,low,California
37.76093,-119.25844000000001,3246.0,44.5,1915.0,2,California,True,-134.0,-134.0,True,-134.0,-201.0,True,-134.0,-201.0,middle,California
37.763664999999996,-119.250381,3292.0,90.5,1915.0,4,California,True,-180.0,-180.0,True,-180.0,-247.0,True,-180.0,-247.0,high,California
37.771049833333336,-119.25724583333334,3078.0,-123.5,1915.0,6,California,True,34.0,-33.0,True,34.0,-33.0,True,34.0,-33.0,middle,California
37.776974,-119.260878,2957.0,-244.5,1915.0,3,California,True,88.0,88.0,True,155.0,88.0,True,155.0,88.0,middle,California
37.78762,-119.34099,3155.0,-46.5,1915.0,13,California,True,-35.0,-35.0,True,10.0,-99.0,True,10.0,-99.0,middle,California
37.789654,-119.261009,2743.0,-458.5,1915.0,1,California,False,,,True,369.0,302.0,True,369.0,302.0,low,California
37.84439,-119.50555,3170.0,-31.5,1915.0,1,California,True,-290.0,-328.0,True,-290.0,-328.0,True,-589.5,-616.0,middle,California
37.84358,-119.44433999999998,2469.0,-732.5,1915.0,5,California,False,,,False,,,True,411.0,85.0,low,California
37.84744,-119.50227,3231.0,29.5,1915.0,1,California,True,-351.0,-389.0,True,-351.0,-389.0,True,-650.5,-677.0,middle,California
37.857826,-105.482295,3505.0,303.5,1909.0,1,Colorado,False,,,False,,,False,,,high,Colorado
37.86653,-119.1811,2591.0,-610.5,1916.0,1,California,False,,,False,,,True,596.5,533.0,low,California
37.869715,-106.92945,2804.0,-397.5,1933.0,1,Colorado,False,,,False,,,False,,,low,Colorado
37.87941,-119.39497999999999,2621.0,-580.5,1915.0,3,California,False,,,False,,,False,,,low,California
37.903749499999996,-119.52817366666666,2804.0,-397.5,1915.0,6,California,False,,,False,,,False,,,low,California
37.898633,-119.222183,3871.0,669.5,1915.0,2,California,True,-100.0,-219.0,True,-572.0,-774.0,True,-712.0,-989.0,high,California
37.90111,-118.30806,3048.0,-153.5,1933.0,1,Nevada,False,,,False,,,False,,,middle,Nevada
37.92127,-119.2555,2957.0,-244.5,1915.0,1,California,True,48.0,0.0,True,202.0,-51.0,True,202.0,-212.0,middle,California
37.93776,-119.345037,3013.0,-188.5,1932.0,1,California,True,9.0,9.0,True,9.0,9.0,True,157.0,9.0,middle,California
37.938063,-119.235932,2957.0,-244.5,1915.0,1,California,True,-18.5,-75.0,True,37.5,-212.0,True,199.0,-212.0,middle,California
37.946352,-106.962758,3505.0,303.5,1933.0,3,Colorado,False,,,True,186.0,60.0,True,167.0,60.0,high,Colorado
37.972866,-119.273385,3109.0,-92.5,1940.0,1,California,True,-20.0,-40.0,True,-19.0,-70.0,True,-18.0,-304.0,middle,California
38.0383,-111.395,3018.0,-121.5,1938.0,1,Utah,False,,,False,,,False,,,middle,Utah
38.045609,-105.62834000000001,3505.0,365.5,1933.0,5,Colorado,False,,,False,,,True,-20.0,-21.0,high,Colorado
38.090546,-105.646844,3749.0,609.5,1949.0,4,Colorado,True,218.0,218.0,True,-263.0,-265.0,True,-263.0,-265.0,high,Colorado
38.20367,-111.49042,3048.0,-91.5,1947.0,1,Utah,False,,,False,,,False,,,middle,Utah
38.211724,-119.01162,2591.0,-548.5,1946.0,175,California,False,,,False,,,False,,,low,California
38.213276,-119.00356700000002,2682.0,-457.5,1949.0,3,California,False,,,False,,,False,,,low,California
38.235949,-112.461318,2677.0,-462.5,1939.0,1,Utah,False,,,False,,,False,,,low,Utah
38.29444,-112.40139,2591.0,-548.5,1929.0,6,Utah,False,,,False,,,True,375.0,375.0,low,Utah
38.317028099999995,-112.36153415,2843.5,-296.0,1935.0,6,Utah,True,122.5,122.5,True,122.5,122.5,True,122.5,122.5,middle,Utah
38.436736,-119.336806,3200.0,60.5,1946.0,1,California,False,,,False,,,False,,,middle,California
38.444913,-119.329856,3048.0,-91.5,1946.0,2,California,False,,,False,,,False,,,middle,California
38.4422528,-119.3082818,3200.0,60.5,1946.0,5,California,False,,,False,,,False,,,middle,California
38.4486,-119.29373300000002,2896.0,-243.5,1946.0,3,California,False,,,False,,,False,,,middle,California
38.451255,-119.267171,2987.0,-152.5,1946.0,1,California,False,,,False,,,False,,,middle,California
38.461513461538466,-119.27955453846154,2591.0,-548.5,1946.0,13,California,False,,,False,,,False,,,low,California
38.472963,-119.294761,2896.0,-243.5,1946.0,5,California,False,,,False,,,False,,,middle,California
38.468374,-119.269072,2438.0,-701.5,1946.0,1,California,False,,,False,,,False,,,low,California
38.486378,-109.232059,3216.0,76.5,1934.0,6,Utah,False,,,True,204.0,-48.0,True,265.0,-282.0,high,Utah
38.52,-109.27417,2972.0,-167.5,1948.0,4,Utah,False,,,True,-38.0,-191.0,True,448.0,-191.0,middle,Utah
38.78833,-116.93166999999998,2652.0,-487.5,1933.0,19,Nevada,False,,,False,,,False,,,low,Nevada
38.8122909,-120.0309023,2268.0,-871.5,1896.0,1,California,False,,,False,,,True,28.0,28.0,low,California
38.814433,-105.02111299999999,3810.0,670.5,1914.0,5,Colorado,False,,,False,,,True,451.0,301.0,high,Colorado
38.8327006,-105.0217518,3466.0,326.5,1924.0,1,Colorado,False,,,True,795.0,645.0,True,795.0,645.0,high,Colorado
38.8449673,-120.1576097,3021.0,-118.5,1896.0,2,California,False,,,True,-527.5,-560.0,True,-547.0,-664.0,middle,California
38.842765,-107.18445,3026.0,-113.5,1947.0,2,Colorado,False,,,True,35.0,35.0,True,8.5,-18.0,middle,Colorado
38.8397733,-106.3533853,3445.0,305.5,1925.0,3,Colorado,False,,,True,320.0,290.0,True,-88.0,-189.0,high,Colorado
38.8404803,-105.0442575,4299.0,1159.5,1926.0,1,Colorado,True,-38.0,-188.0,True,-38.0,-188.0,True,-38.0,-188.0,high,Colorado
38.84544,-120.15209,2530.0,-609.5,1945.0,1,California,False,,,True,-36.5,-69.0,True,-56.0,-173.0,low,California
38.8599,-120.1119,2487.0,-652.5,1910.0,1,California,True,7.0,-130.0,True,-130.0,-236.0,True,-72.0,-413.0,low,California
38.869716,-106.987222,2743.0,-396.5,1905.0,1,Colorado,False,,,True,-50.0,-50.0,True,861.0,-50.0,low,Colorado
38.876619999999996,-120.1373556,2408.0,-731.5,1898.0,10,California,True,6.0,0.0,True,21.0,-51.0,True,81.0,-51.0,low,California
38.875755500000004,-105.0725815,3487.0,347.5,1924.0,7,Colorado,False,,,True,-184.0,-184.0,True,714.0,-184.0,high,Colorado
38.885273,-107.071948,3261.0,121.5,1905.0,1,Colorado,False,,,True,180.0,180.0,True,180.0,180.0,high,Colorado
38.9060106,-120.0986981,2953.0,-186.5,1892.0,1,California,True,-32.0,-86.0,True,-364.5,-485.0,True,-485.0,-879.0,middle,California
38.9543055,-120.1136201,2065.0,-1074.5,1938.0,1,California,False,,,False,,,True,462.0,369.0,low,California
38.9801,-106.9746,3516.0,376.5,1949.0,1,Colorado,True,-174.5,-180.0,True,-82.0,-627.0,True,10.0,-627.0,high,Colorado
38.9886847,-120.133101,2590.8,-548.6999999999998,1940.0,1,California,False,,,False,,,False,,,low,California
39.010262,-107.04194,3186.0,-372.0,1947.0,1,Colorado,False,,,False,,,True,558.5,287.0,low,Colorado
39.0531453,-119.8941562,2682.24,-875.7600000000002,1937.0,3,Nevada,False,,,False,,,False,,,low,Nevada
39.046101,-106.991614,3634.0,76.0,1947.0,2,Colorado,False,,,True,114.0,64.0,True,-129.0,-553.0,high,Colorado
39.1476777,-120.2421637,2438.4,-1119.6,1937.0,1,California,False,,,True,-307.4000000000001,-307.4000000000001,True,51.09999999999991,-307.4000000000001,low,California
39.273051,-106.510569,3339.0,-219.0,1904.0,1,Colorado,False,,,True,53.0,53.0,True,163.0,-165.0,middle,Colorado
39.284654,-106.073093,3353.0,-205.0,1914.0,5,Colorado,False,,,False,,,False,,,middle,Colorado
39.276059,-106.062192,3658.0,100.0,1914.0,2,Colorado,False,,,False,,,False,,,high,Colorado
39.313986,-106.110438,3810.0,252.0,1914.0,5,Colorado,False,,,True,2.0,-146.0,True,104.0,-146.0,high,Colorado
39.31775,-120.317545,2134.0,-1424.0,1917.0,2,California,True,91.0,-13.0,True,111.0,-13.0,True,111.0,-13.0,low,California
39.32972,-106.12917,3663.0,105.0,1932.0,2,Colorado,True,155.0,1.0,True,251.0,1.0,True,231.5,1.0,high,Colorado
39.35628,-106.07695,3308.0,-250.0,1871.0,4,Colorado,False,,,False,,,True,412.0,59.0,middle,Colorado
39.355919,-106.070457,3307.0,-251.0,1930.0,1,Colorado,False,,,True,525.0,331.0,True,300.5,60.0,middle,Colorado
39.361655,-106.06251900000001,3450.0,-108.0,1947.0,11,Colorado,False,,,True,382.0,188.0,True,157.5,-288.0,middle,Colorado
39.411102666666665,-105.9689,3496.0,-62.0,1907.0,3,Colorado,False,,,True,109.0,-22.0,True,109.0,-22.0,middle,Colorado
39.493113,-106.134075,2987.0,-571.0,1907.0,1,Colorado,False,,,True,486.0,479.0,True,569.5,479.0,low,Colorado
39.633793600000004,-105.8175239,4340.0,782.0,1878.0,18,Colorado,True,-152.0,-415.0,True,-468.0,-659.0,True,-475.0,-1079.0,high,Colorado
39.636061,-105.813318,4143.0,585.0,1937.0,2,Colorado,True,-100.0,-315.0,True,-271.0,-462.0,True,-278.0,-882.0,high,Colorado
39.662818375,-105.87898568749999,3657.0,99.0,1927.0,32,Colorado,True,40.0,-172.0,True,49.0,-395.0,True,49.0,-395.0,high,Colorado
39.672199,-105.797549,3353.0,-205.0,1940.0,21,Colorado,False,,,True,383.0,120.0,True,512.0,120.0,middle,Colorado
39.77361,-105.88861,3777.0,219.0,1939.0,4,Colorado,True,35.0,35.0,True,35.0,35.0,True,-284.0,-518.0,high,Colorado
39.798119275000005,-105.777533425,3447.0,-111.0,1931.0,8,Colorado,True,74.0,16.0,True,74.0,16.0,True,74.0,16.0,middle,Colorado
39.93283705263158,-105.68288268421054,3400.0,-158.0,1910.0,19,Colorado,True,232.0,232.0,True,4.0,-89.0,True,9.5,-160.0,middle,Colorado
39.933282,-105.66175100000001,3324.0,-234.0,1910.0,4,Colorado,False,,,True,30.0,-75.0,True,85.5,-84.0,middle,Colorado
39.9350571,-120.144914,2169.0,-1389.0,1935.0,2,California,False,,,False,,,False,,,low,California
40.02889,-105.57694,3127.0,-78.0,1917.0,1,Colorado,False,,,True,374.0,374.0,True,400.0,199.0,middle,Colorado
40.043487,-105.592746,3231.0,26.0,1902.0,1,Colorado,False,,,True,296.0,124.0,True,95.0,-64.0,middle,Colorado
40.0987892,-105.6162171,4017.0,812.0,1932.0,4,Colorado,True,-114.0,-251.0,True,-494.0,-751.0,True,-609.0,-850.0,high,Colorado
40.139719066666665,-107.33278033333333,3349.0,144.0,1912.0,15,Colorado,False,,,False,,,True,-222.0,-222.0,high,Colorado
40.1495836,-107.3469162,3137.0,-68.0,1947.0,11,Colorado,False,,,False,,,False,,,middle,Colorado
40.34728,-121.62728,1478.0,-1727.0,1928.0,1,California,False,,,False,,,False,,,low,California
40.403545,-111.601257,2083.0,-1122.0,1936.0,5,Utah,True,0.0,0.0,True,576.0,0.0,True,802.0,0.0,low,Utah
40.41232,-121.56884,2134.0,-1071.0,1928.0,1,California,False,,,False,,,False,,,low,California
40.414733,-121.531746,2073.0,-1132.0,1924.0,3,California,False,,,False,,,False,,,low,California
40.4323895,-105.7342854,3253.0,48.0,1925.0,2,Colorado,False,,,True,433.0,122.0,True,431.0,59.0,middle,Colorado
40.44352,-121.368973,1859.0,-1346.0,1924.0,1,California,False,,,False,,,False,,,low,California
40.4410378,-105.6597175,3222.0,17.0,1938.0,4,Colorado,False,,,True,652.0,652.0,True,74.0,-18.0,middle,Colorado
40.46392,-121.51844999999999,2591.0,-614.0,1924.0,3,California,True,-70.0,-123.0,True,-70.0,-123.0,True,-70.0,-123.0,low,California
40.463512,-121.471967,2438.0,-767.0,1923.0,1,California,False,,,True,-137.5,-331.0,True,83.0,-331.0,low,California
40.459693,-121.441843,2012.0,-1193.0,1923.0,1,California,True,95.0,95.0,True,95.0,95.0,True,95.0,95.0,low,California
40.469068,-121.493407,2591.0,-614.0,1923.0,8,California,False,,,True,-70.0,-123.0,True,-70.0,-484.0,low,California
40.50948,-115.43653,2598.0,-607.0,1928.0,4,Nevada,False,,,False,,,True,130.0,130.0,low,Nevada
40.560645,-121.287619,1981.0,-1224.0,1926.0,21,California,True,-128.0,-128.0,True,-119.0,-128.0,True,-119.0,-128.0,low,California
40.55566,-120.737726,1951.0,-1254.0,1925.0,1,California,False,,,False,,,False,,,low,California
40.57292285714286,-115.39906857142857,2899.0,-306.0,1928.0,7,Nevada,True,170.0,170.0,True,267.0,-32.0,True,201.0,-111.0,middle,Nevada
40.57139,-111.62083,3048.0,-157.0,1937.0,1,Utah,True,-4.5,-219.0,True,-26.5,-446.0,True,-209.0,-456.0,middle,Utah
40.56583,-111.61389,3048.0,-157.0,1949.0,2,Utah,True,-4.5,-102.0,True,-23.0,-268.0,True,-209.0,-456.0,middle,Utah
40.5803,-111.66545,2438.0,-767.0,1949.0,1,Utah,False,,,True,575.0,54.0,True,575.0,54.0,low,Utah
40.5753,-111.61025,2896.0,-309.0,1947.0,6,Utah,True,107.0,-48.0,True,88.5,-294.0,True,-57.0,-304.0,middle,Utah
40.60472,-111.59972,2743.0,-462.0,1945.0,1,Utah,True,-5.0,-85.0,True,-1.0,-85.0,True,96.0,-141.0,low,Utah
40.60389,-111.58139,2743.0,-462.0,1947.0,3,Utah,True,-5.0,-85.0,True,-1.0,-85.0,True,11.0,-85.0,low,Utah
40.62265,-111.59355,2490.0,-715.0,1946.0,1,Utah,False,,,True,248.0,168.0,True,252.0,168.0,low,Utah
40.659672,-110.985447,3348.0,143.0,1930.0,1,Utah,False,,,True,-295.0,-295.0,True,-432.0,-570.0,high,Utah
40.6625,-109.91139,3063.0,-142.0,1947.0,2,Utah,False,,,False,,,False,,,middle,Utah
40.67139,-109.9275,3078.0,-127.0,1947.0,2,Utah,False,,,False,,,False,,,middle,Utah
40.683279,-110.954891,2990.0,-215.0,1931.0,1,Utah,True,-1.0,-1.0,True,31.0,-74.0,True,492.5,-212.0,middle,Utah
40.6907,-110.9174,3200.0,-5.0,1929.0,5,Utah,True,279.0,248.0,True,292.0,-12.0,True,258.0,-284.0,middle,Utah
40.69717,-110.978504,3464.0,259.0,1930.0,2,Utah,True,-270.0,-270.0,True,-411.0,-475.0,True,-443.0,-548.0,high,Utah
40.69883699999999,-110.907474,3363.0,158.0,1930.0,7,Utah,True,149.0,-58.0,True,129.0,-175.0,True,86.0,-447.0,high,Utah
40.70008,-110.90331,3621.0,416.0,1920.0,4,Utah,True,-99.0,-173.0,True,-129.0,-433.0,True,-172.0,-632.0,high,Utah
40.706892,-110.911838,3524.0,319.0,1930.0,1,Utah,False,,,True,-32.0,-336.0,True,-75.0,-535.0,high,Utah
40.831140624999996,-106.66283375,3645.0,440.0,1913.0,8,Colorado,False,,,False,,,True,-406.0,-413.0,high,Colorado
40.840927,-109.9983092,3100.0,-105.0,1928.0,1,Utah,False,,,False,,,False,,,middle,Utah
40.8915,-120.4564,1615.0,-1590.0,1924.0,1,California,False,,,False,,,False,,,low,California
41.13385999999999,-107.09615999999998,2712.0,-396.0,1948.0,7,Wyoming,False,,,False,,,False,,,low,Wyoming
41.3348225,-106.3252154,3197.0,89.0,1948.0,1,Wyoming,True,51.0,-26.0,True,55.0,-26.0,True,137.0,-26.0,high,Wyoming
41.350522,-122.20165,2195.0,-913.0,1939.0,1,California,False,,,True,292.0,292.0,True,293.5,292.0,low,California
41.383649,-120.213183,2743.0,-365.0,1910.0,4,California,True,44.0,5.0,True,23.0,-332.0,True,23.0,-332.0,middle,California
41.385233,-120.213168,2652.0,-456.0,1910.0,3,California,True,135.0,96.0,True,114.0,-241.0,True,114.0,-241.0,low,California
41.66194,-118.72917,2621.0,-487.0,1935.0,2,Nevada,False,,,False,,,False,,,low,Nevada
41.668,-118.73008,2560.0,-548.0,1935.0,1,Nevada,False,,,False,,,False,,,low,Nevada
41.6981869,-121.573324,1561.0,-1547.0,1912.0,1,California,False,,,True,47.0,47.0,True,3.0,-41.0,low,California
41.73891,-121.590988,1498.0,-1610.0,1936.0,1,California,False,,,False,,,True,-153.0,-153.0,low,California
41.796892,-122.208795,1280.0,-1828.0,1918.0,1,California,False,,,False,,,False,,,low,California
41.799895,-120.328222,2029.0,-1079.0,1910.0,2,California,False,,,False,,,False,,,low,California
41.911319,-111.675218,3035.0,-73.0,1941.0,2,Utah,False,,,False,,,False,,,middle,Utah
42.145078,-111.575518,2496.0,0.0,1937.0,3,Idaho,False,,,False,,,False,,,middle,Idaho
42.3073,-111.5888,2591.0,95.0,1937.0,2,Idaho,False,,,False,,,False,,,high,Idaho
42.3217,-111.5739,2560.0,64.0,1937.0,8,Idaho,False,,,False,,,False,,,high,Idaho
42.3292,-111.57250000000002,2560.0,64.0,1937.0,10,Idaho,False,,,False,,,False,,,high,Idaho
42.3789,-122.2111,1529.0,-967.0,1931.0,1,Oregon,False,,,False,,,False,,,low,Oregon
42.6204081,-110.9141646,2019.0,-477.0,1938.0,1,Wyoming,False,,,False,,,False,,,low,Wyoming
42.7044598,-121.9955402,1276.0,-1220.0,1922.0,4,Oregon,False,,,False,,,False,,,low,Oregon
42.9125,-122.0706,2057.0,-439.0,1944.0,1,Oregon,False,,,True,-86.0,-100.0,True,231.0,-112.0,low,Oregon
42.9389,-122.1444,2079.0,-417.0,1937.0,6,Oregon,False,,,True,246.0,115.0,True,281.0,-75.0,low,Oregon
43.0535518,-109.6615759,3137.0,769.5,1945.0,6,Wyoming,True,5.0,5.0,True,-78.0,-86.0,True,-57.0,-86.0,high,Wyoming
43.0826517,-109.6291754,3158.0,790.5,1945.0,19,Wyoming,False,,,True,80.0,80.0,True,69.0,-16.0,high,Wyoming
43.1527787,-122.0672194,2686.0,318.5,1937.0,4,Oregon,True,-465.0,-465.0,True,-465.0,-465.0,True,-465.0,-465.0,high,Oregon
43.422,-113.55,1791.0,-576.5,1937.0,1,Idaho,False,,,False,,,True,1.0,1.0,low,Idaho
43.4250916,-110.6402073,2361.0,-6.5,1932.0,2,Wyoming,False,,,True,514.0,514.0,True,694.5,514.0,middle,Wyoming
43.452,-113.5815,1798.0,-569.5,1937.0,4,Idaho,False,,,True,-6.0,-6.0,True,-6.0,-6.0,low,Idaho
43.4798402,-110.7622314,1902.0,-465.5,1928.0,1,Wyoming,False,,,False,,,True,391.0,391.0,low,Wyoming
43.676894,-110.029066,2743.0,375.5,1935.0,1,Wyoming,False,,,False,,,True,77.0,29.0,high,Wyoming
43.75,-110.07917,2944.0,576.5,1949.0,1,Wyoming,False,,,True,114.0,114.0,True,114.0,-77.0,high,Wyoming
43.75274,-110.06748,2927.0,559.5,1948.0,4,Wyoming,False,,,True,131.0,131.0,True,-81.0,-107.0,high,Wyoming
43.9153,-114.8583,2134.0,-233.5,1932.0,3,Idaho,False,,,False,,,False,,,middle,Idaho
43.981202,-115.3378916,2522.0,154.5,1941.0,2,Idaho,False,,,False,,,False,,,high,Idaho
43.9794,-114.87579999999998,2134.0,-233.5,1936.0,6,Idaho,False,,,True,40.0,40.0,True,217.5,40.0,middle,Idaho
44.0831,-121.6986,2438.0,-93.0,1938.0,1,Oregon,False,,,False,,,False,,,middle,Oregon
44.1569,-113.7033,2367.0,-164.0,1936.0,9,Idaho,False,,,False,,,False,,,middle,Idaho
44.2208439,-121.911464,1582.0,-949.0,1947.0,1,Oregon,False,,,False,,,True,-94.0,-94.0,low,Oregon
44.259919999999994,-121.809886,1590.0,-941.0,1938.0,2,Oregon,True,31.0,-4.0,True,-8.0,-33.0,True,-4.0,-33.0,low,Oregon
44.306939,-118.68528199999999,1912.0,-619.0,1915.0,3,Oregon,False,,,True,196.0,196.0,True,196.0,196.0,low,Oregon
44.44792,-107.13221,2795.0,264.0,1935.0,1,Wyoming,False,,,False,,,False,,,high,Wyoming
44.4653962,-110.1299968,2599.0,68.0,1931.0,1,Wyoming,True,-19.0,-23.0,True,223.5,-23.0,True,223.5,-23.0,high,Wyoming
44.47019,-107.39525,3165.0,634.0,1947.0,5,Wyoming,False,,,False,,,False,,,high,Wyoming
44.671,-114.8389,2281.0,-250.0,1948.0,2,Idaho,False,,,False,,,False,,,middle,Idaho
44.8072,-121.7864,1524.0,-1007.0,1941.0,1,Oregon,False,,,False,,,True,160.5,158.0,low,Oregon
44.81,-118.42,1412.0,-1119.0,1927.0,1,Oregon,False,,,False,,,False,,,low,Oregon
44.9458894,-109.5967703,2713.0,182.0,1939.0,2,Wyoming,False,,,False,,,True,-45.0,-45.0,high,Wyoming
44.9822,-117.3689,1138.0,-1393.0,1907.0,2,Oregon,False,,,False,,,False,,,low,Oregon
45.00807909090909,-117.19257081818182,1441.0,-748.0,1937.0,22,Oregon,False,,,False,,,False,,,low,Oregon
45.0514384,-117.1934376,2189.0,0.0,1922.0,4,Oregon,False,,,False,,,False,,,middle,Oregon
45.046929,-105.020257,1210.0,-979.0,1939.0,3,Montana,False,,,False,,,False,,,low,Montana
45.13419194583333,-116.57881165833334,2424.0,235.0,1930.0,24,Idaho,False,,,False,,,True,-38.0,-81.0,high,Idaho
45.1636,-117.3006,2743.0,554.0,1938.0,2,Oregon,False,,,True,-406.0,-476.0,True,-406.0,-476.0,high,Oregon
45.1875827,-116.5491427,2167.0,-22.0,1930.0,2,Idaho,False,,,True,207.0,171.0,True,207.0,171.0,middle,Idaho
45.22919,-117.27268,2390.0,201.0,1935.0,1,Oregon,True,2.0,-113.0,True,-249.0,-513.0,True,-510.0,-875.0,high,Oregon
45.2674,-117.2155,1450.0,-739.0,1943.0,2,Oregon,True,136.0,33.0,True,84.0,33.0,True,154.5,33.0,low,Oregon
45.289784999999995,-122.33185,169.0,-2020.0,1917.0,2,Oregon,False,,,False,,,False,,,low,Oregon
45.620388687500004,-115.7011731875,2475.0,286.0,1939.0,8,Idaho,False,,,False,,,False,,,high,Idaho
45.6203,-115.6933,2377.0,188.0,1939.0,1,Idaho,False,,,False,,,False,,,high,Idaho
46.109125299999995,-110.3033845,2514.0,789.0,1942.0,6,Montana,False,,,False,,,False,,,high,Montana
46.1511,-121.4464,1891.0,166.0,1941.0,1,Washington,False,,,False,,,True,281.0,281.0,high,Washington
46.1466882,-115.1999222,2011.68,286.68000000000006,1941.0,1,Idaho,False,,,False,,,False,,,high,Idaho
46.202621,-121.490638,3738.0,2013.0,1917.0,1,Washington,False,,,False,,,True,-1566.0,-1566.0,high,Washington
46.591383,-114.293002,2156.5,431.5,1948.0,2,Montana,True,-66.5,-66.5,True,-66.5,-66.5,True,-66.5,-66.5,high,Montana
46.7977875,-121.7789693,1637.0,-88.0,1935.0,1,Washington,True,-218.0,-265.0,True,-231.0,-507.0,True,-163.0,-643.0,middle,Washington
46.852827,-121.760441,1645.5,-79.5,1919.0,4,Washington,False,,,False,,,True,815.5,815.5,middle,Washington
46.8494504,-121.4484018,1227.0,-498.0,1934.0,1,Washington,False,,,True,415.5,411.0,True,420.0,411.0,low,Washington
46.8719297,-121.5153039,1663.0,-62.0,1945.0,2,Washington,True,-45.0,-159.0,True,-49.5,-239.0,True,-25.0,-239.0,middle,Washington
46.8722,-121.51439999999998,1653.0,-72.0,1939.0,3,Washington,True,-15.0,-42.0,True,-39.5,-229.0,True,-15.0,-229.0,middle,Washington
46.915313166666664,-121.82532613333335,1837.0,112.0,1910.0,3,Washington,False,,,True,-388.0,-430.0,True,-314.0,-652.0,high,Washington
46.9814332,-121.0903951,816.0,-909.0,1940.0,2,Washington,False,,,False,,,False,,,low,Washington
46.988699,-121.094714,778.0,-947.0,1917.0,1,Washington,False,,,False,,,False,,,low,Washington
47.026307,-115.072079,2341.0,930.0,1948.0,1,Montana,True,-115.0,-115.0,True,-115.0,-115.0,True,-115.0,-115.0,high,Montana
47.0869301,-121.3792047,1503.0,92.0,1940.0,1,Washington,False,,,False,,,False,,,high,Washington
47.2433472,-120.5592164,1894.0,483.0,1949.0,2,Washington,False,,,False,,,True,-359.0,-359.0,high,Washington
47.3167,-121.3333,765.0,-646.0,1917.0,1,Washington,False,,,False,,,False,,,low,Washington
47.3461286,-121.4392116,1275.0,-136.0,1922.0,5,Washington,True,67.0,59.0,True,59.5,-294.0,True,35.0,-498.0,middle,Washington
47.45,-121.4675,1382.0,-29.0,1947.0,2,Washington,True,-11.0,-165.0,True,-113.0,-469.0,True,-104.0,-469.0,middle,Washington
47.46722,-121.45472,1224.0,-187.0,1946.0,1,Washington,True,74.0,0.0,True,52.0,-170.0,True,55.0,-311.0,middle,Washington
47.479518,-113.946819,2098.0,687.0,1948.0,2,Montana,False,,,False,,,False,,,high,Montana
47.5167,-115.72970000000001,1707.0,296.0,1937.0,5,Idaho,False,,,False,,,False,,,high,Idaho
47.5169,-115.7236,1737.0,326.0,1932.0,8,Idaho,False,,,False,,,False,,,high,Idaho
47.5157025,-112.8167783,2189.0,778.0,1945.0,1,Montana,False,,,False,,,False,,,high,Montana
47.6179031,-112.7213773,1376.0,-35.0,1945.0,1,Montana,False,,,False,,,False,,,middle,Montana
47.705565,-121.306145,341.0,-1070.0,1939.0,1,Washington,False,,,False,,,False,,,low,Washington
47.7494,-121.11940000000001,1048.0,-363.0,1939.0,13,Washington,True,47.0,47.0,True,345.0,47.0,True,356.5,-182.0,middle,Washington
47.7464,-121.0847,1287.0,-124.0,1938.0,2,Washington,False,,,True,108.0,-192.0,True,107.0,-192.0,middle,Washington
47.8706,-117.1014,1353.0,-58.0,1937.0,14,Washington,False,,,False,,,False,,,middle,Washington
47.908928,-120.837896,871.0,-540.0,1917.0,1,Washington,False,,,False,,,True,912.0,912.0,low,Washington
47.9733373,-121.4078639,1295.0,-116.0,1907.0,1,Washington,False,,,True,318.0,318.0,True,25.0,-167.0,middle,Washington
48.053224,-121.756583,1151.0,-524.0,1946.0,1,Washington,False,,,True,-411.5,-467.0,True,-406.5,-687.0,low,Washington
48.148552,-113.919254,2267.0,592.0,1948.0,1,Montana,False,,,True,-282.0,-309.0,True,-282.0,-309.0,high,Montana
48.221673,-115.666694,1564.0,-111.0,1949.0,1,Montana,True,524.0,524.0,True,524.0,524.0,True,524.0,524.0,middle,Montana
48.2769687,-116.8280056,680.0,-995.0,1894.0,4,Idaho,False,,,False,,,False,,,low,Idaho
48.3147,-121.7611,1523.0,-152.0,1940.0,2,Washington,False,,,False,,,False,,,middle,Washington
48.309303,-120.656488,371.0,-1304.0,1918.0,1,Washington,False,,,False,,,False,,,low,Washington
48.57719,-114.43278,2118.0,443.0,1949.0,1,Montana,False,,,True,-100.0,-100.0,True,-100.0,-100.0,high,Montana
48.5997423,-119.7444926,1560.0,-115.0,1940.0,1,Washington,False,,,False,,,False,,,middle,Washington
48.60746484285715,-118.47842687142858,1682.0,7.0,1938.0,7,Washington,False,,,False,,,False,,,middle,Washington
48.7437969,-113.42901739999999,1388.0,-287.0,1927.0,5,Montana,False,,,False,,,False,,,middle,Montana
48.777343,-121.813201,3177.0,1502.0,1922.0,5,Washington,False,,,False,,,False,,,high,Washington
48.810201,-117.130235,1963.0,288.0,1924.0,1,Washington,False,,,True,-323.0,-323.0,True,-323.0,-323.0,high,Washington
48.82,-119.63,397.0,-1278.0,1918.0,1,Washington,False,,,False,,,False,,,low,Washington
48.8833,-121.8833,937.0,-738.0,1928.0,1,Washington,False,,,True,-532.0,-532.0,True,-532.0,-532.0,low,Washington
48.87553499999999,-121.363726,1580.0,-95.0,1920.0,3,Washington,False,,,False,,,False,,,middle,Washington
48.893736,-121.668379,1341.0,-334.0,1928.0,1,Washington,False,,,False,,,True,71.0,-29.0,middle,Washington
48.93,-119.97,2395.0,720.0,1947.0,1,Washington,False,,,False,,,True,-330.0,-341.0,high,Washington
48.9731,-121.6783,1125.0,-550.0,1937.0,1,Washington,False,,,True,580.5,483.0,True,576.0,-82.0,low,Washington
48.9667,-121.2333,1768.0,93.0,1924.0,1,Washington,False,,,False,,,False,,,high,Washington
52.87695,-118.072,1050.0,-913.0,1895.0,1,Alberta,False,,,True,7.0,7.0,True,290.5,7.0,low,Alberta
