lat,lon,elev,first,n,found3,labels,years,inst,unc,label_elev,nearest_km,nearest_year,nearest_elev
47.7056,-121.3061,341.0,1939,1,False,Tye,1939,UWBM:Mamm:95274,210.0,,7.3,2024,1404.0
48.3093,-120.6565,371.0,1918,1,False,Stehekin,1918,CRCM:Mamm:5890,301.0,,11.1,2024,1603.0
48.82,-119.63,397.0,1918,1,False,Loomis,1918,21800,1783.0,,26.2,2022,2054.0
48.4884,-117.2673,619.0,1938,1,False,PASS POND; ROCK CREEK,1938,22402,71.0,,35.8,2023,1640.0
47.3167,-121.3333,765.0,1917,1,False,Keechelus,1917,YPM MAM 000357,1850.0,,6.0,2020,1288.0
46.9887,-121.0947,778.0,1917,1,False,"Bumping River, Goose Prarie",1917,CRCM:Mamm:6978,210.0,,6.2,2019,1077.0
46.9814,-121.0904,816.0,1940,2,False,"NACHREES HWY, NEAR; MILK CREEK",1940,22401; 22403,0.51,,7.1,2019,1077.0
47.9089,-120.8379,871.0,1917,1,False,Twin Lakes,1917,CRCM:Mamm:6987,1625.0,,4.5,2022,1783.0
48.4344,-119.9345,1333.0,1940,2,False,12MI SW CONCONULLY,1940,95793; 95794,4.81,,18.3,2023,1889.0
48.8937,-121.6684,1341.0,1928,1,False,"Bagley Creek, Mt. Herman",1928,CRCM:Mamm:6955,210.0,1341.0,4.3,2024,1738.0
47.8706,-117.1014,1353.0,1937,14,False,"Rock Creek Pass, Round Top Mt.","1937, 1938",MVZ:Mamm:134797; MVZ:Mamm:134798; MVZ:Mamm:134799; MVZ:Mamm:134800,1139.0,,6.0,2018,1790.0
47.0869,-121.3792,1503.0,1940,1,False,NACHES PASS,1940,52802,0.1,,5.9,2024,1230.0
48.3147,-121.7611,1523.0,1940,2,False,Mount Higgins; Lookout Station,1940,UWBM:Mamm:13774; UWBM:Mamm:13775,657.0,,13.6,2018,1433.0
48.5997,-119.7445,1560.0,1940,1,False,"16MI N CONCONULLY,FUNK MT,4000FT",1940,95791,1.21,,14.0,2023,1889.0
48.8755,-121.3637,1580.0,1920,3,False,Whatcom Pass,1920,CRCM:Mamm:6967; UWBM:Mamm:18833; UWBM:Mamm:18834,657.0,1585.0,7.9,2014,1597.0
46.8528,-121.7604,1645.5,1919,4,False,"James Lake, Mt. Rainier; Mt. Rainier; Spray Park, Mt. Rainier",1919,CRCM:Mamm:5231; CRCM:Mamm:6996; CRCM:Mamm:6997; CRCM:Mamm:6998,1807.0,1615.0,4.3,2025,2461.0
48.6075,-118.4784,1682.0,1938,7,False,Sherman Creek Pass; Sherman Pass,"1938, 1947",MVZ:Mamm:134793; MVZ:Mamm:134794; MVZ:Mamm:134795; MVZ:Mamm:134796,657.0,,81.7,2019,1262.0
48.9667,-121.2333,1768.0,1924,1,False,Glacier Peak,1924,CRCM:Mamm:6951,301.0,1768.0,14.0,2016,504.0
46.1511,-121.4464,1891.0,1941,1,False,"Bird Creek Meadows, Mount Adams",1941,UWBM:Mamm:60058,1300.0,,3.6,2026,2172.0
47.2433,-120.5592,1894.0,1949,2,False,"Table Mountain, Wenatchee National Forest",1949,Mammal-02147; Mammal-02148,1140.0,,4.8,2022,1535.0
48.9389,-119.9845,2270.0,1940,1,False,"25MI W OROVILLE,8350FT",1940,95792,19.55,,4.4,2022,2076.0
48.93,-119.97,2395.0,1947,1,False,Windy Peak,1947,10532,818.0,,3.9,2022,2054.0
48.7773,-121.8132,3177.0,1922,5,False,"Austin Pass, Mt. Baker; Mt. Baker; Mt. Baker Lodge; Mt. Baker Lookout","1922, 1923, 1924, 1940",CRCM:Mamm:6790; CRCM:Mamm:6866; CRCM:Mamm:6880; CRCM:Mamm:6969,1807.0,1463.0,5.3,2023,1930.0
46.2026,-121.4906,3738.0,1917,1,False,Mt. Adams,1917,CRCM:Mamm:9945,1807.0,,4.7,2026,2172.0
48.8833,-121.8833,937.0,1928,1,True,"Mt. Hermann, Mt. Baker National Forest",1928,CRCM:Mamm:6968,1204.0,,1.8,2026,405.0
47.7494,-121.1194,1048.0,1939,13,True,Tye,"1939, 1940",MVZ:Mamm:134780; MVZ:Mamm:134781; MVZ:Mamm:134782; MVZ:Mamm:134783,1300.0,,0.3,2026,1095.0
48.9731,-121.6783,1125.0,1937,1,True,Tomyhhoi Lake,1937,MVZ:Mamm:134814,1461.0,,2.3,2024,1728.0
48.0532,-121.7566,1151.0,1946,1,True,"Mt. Pilchock, Pinnacle Lake",1946,CRCM:Mamm:6972,587.0,,1.1,2023,743.0
47.4672,-121.4547,1224.0,1946,1,True,Snow Lake,1946,UWBM:Mamm:13591,818.0,,0.0,2021,1224.0
46.8495,-121.4484,1227.0,1934,1,True,"Chinook Pass, near Dewey Lake, Mount Rainier",1934,Mammal-00558,335.0,,2.0,2025,1638.0
47.3461,-121.4392,1275.0,1922,5,True,MIRROR LAKE,1922,54343; 54344; 54345; 54346,0.21,,0.3,2026,1334.0
47.7464,-121.0847,1287.0,1938,2,True,Stevens Pass,"1938, 1948",MVZ:Mamm:134778; UWBM:Mamm:12822,818.0,,1.4,2021,1393.0
47.7696,-121.09,1295.0,1940,1,True,"TYE, 2 MI NE OF",1940,22400,1.65,,0.2,2021,1167.0
47.9733,-121.4079,1295.0,1907,1,True,Silver Lake near Monte Cristo,1907,17454,335.0,,2.8,2023,1613.0
46.6547,-121.3601,1303.0,1940,2,True,"12MI W RIMROCK,DOG LAKE",1940,86679; 86680,1.71,,2.9,2016,1357.0
47.45,-121.4675,1382.0,1947,2,True,Melakwa Lake,1947,UWBM:Mamm:13601; UWBM:Mamm:13602,335.0,,0.2,2026,1369.0
47.7594,-121.1051,1482.0,1940,1,True,"TYE, 1 MI NE OF",1940,22404,1.44,,1.7,2021,1167.0
46.7978,-121.779,1637.0,1935,1,True,"Van Trump Trail, Mount Rainier National Park",1935,Mammal-10095,1300.0,,0.2,2016,1558.0
46.8722,-121.5144,1653.0,1939,3,True,Chinook Pass,"1939, 1943",UWBM:Mamm:51335; UWBM:Mamm:51336; UWBM:Mamm:60059,335.0,1655.0,0.4,2026,1642.0
46.8719,-121.5153,1663.0,1945,2,True,CHINOOK PASS,1945,18489; 18490,0.2,,0.3,2026,1642.0
46.9153,-121.8253,1837.0,1910,3,True,"SPRAY PARK 5500FT; Spray Park, Mount Rainier National Park","1910, 1919",57176; 57177; Mammal-00612,496.0,,1.8,2021,1770.0
48.8102,-117.1302,1963.0,1924,1,True,Round Top Mountain,1924,CRCM:Mamm:5229,1807.0,,1.4,2023,1640.0
